ID,first_name,last_name,email,university,gpa,github_score,resume_score,num_internships
1,Broddie,Skupinski,bskupinski0@wufoo.com,University of Tennessee - Knoxville,3.76,0.7,0.45,3
2,Myer,Realph,mrealph1@imdb.com,Universidad Politécnica de Cartagena,3.65,0.7,0.82,3
3,Frannie,Bratton,fbratton2@oakley.com,Atlantic International University,3.4,0.71,0.68,3
4,Ewart,Ambrozik,eambrozik3@intel.com,Catholic University in Ruzomberok,2.98,0.88,0.63,0
5,Waverly,Peatt,wpeatt4@yolasite.com,Worcester Polytechnic Institute,2.8,0.74,0.62,2
6,Leah,Laye,llaye5@over-blog.com,Eureka College,1.56,0.77,0.79,0
7,Gigi,Jonsson,gjonsson6@icq.com,Hakuoh University,3.8,0.75,0.54,4
8,Garold,Wastall,gwastall7@tiny.cc,Academy of Economic Studies of Moldova,3.07,0.59,0.39,0
9,Hilario,Knox,hknox8@sciencedirect.com,Perm State Medical Academy,2.51,0.71,0.82,1
10,Artus,Fiddy,afiddy9@telegraph.co.uk,University of Veterinary & Animal Science,2.72,0.57,0.57,4
11,Leif,Lyste,llystea@japanpost.jp,Chadron State College,3.26,0.6,0.68,4
12,Neale,Imesen,nimesenb@arstechnica.com,University of Milan,3.08,0.71,0.74,0
13,Mab,Swadlin,mswadlinc@nyu.edu,Theatre Academy Finland,2.99,0.86,0.6,1
14,Helen,Koschek,hkoschekd@aol.com,Ludong University,2.26,0.75,0.62,1
15,Amitie,Gairdner,agairdnere@amazon.com,Gandhara Institute of Medical Sciences,2.46,0.8,0.69,3
16,Hatti,Tosh,htoshf@youtu.be,Korea Maritime University,3.12,0.87,0.55,4
17,Daryle,Morrel,dmorrelg@chron.com,Lund University,2.8,0.94,0.7,4
18,Weider,Rowling,wrowlingh@msn.com,Shikoku University,3.39,0.92,0.51,1
19,Catlin,Fearon,cfearoni@smh.com.au,University of the Visayas,2.66,0.69,0.58,3
20,Gertrude,Ketteridge,gketteridgej@psu.edu,Ittihad Private University,3.47,0.94,0.82,3
21,Selena,Culmer,sculmerk@ted.com,International Medical & Technological University,2.64,0.7,0.52,4
22,Graig,Bannister,gbannisterl@jimdo.com,Randolph-Macon Woman's College,3.11,0.8,0.34,1
23,Hasty,York,hyorkm@zdnet.com,Loras College,2.71,0.69,0.56,4
24,Suzann,Prickett,sprickettn@home.pl,Technische Fachhochschule Berlin,2.95,0.69,0.87,3
25,Haily,Bishopp,hbishoppo@hugedomains.com,University of Jammu,3.07,0.67,0.53,0
26,Zilvia,O'Donovan,zodonovanp@over-blog.com,Cleveland Institute of Art,3.53,0.7,0.54,2
27,Jacinthe,Aslin,jaslinq@opera.com,Ecole Nationale Supérieure d'Electronique et de Radioelectricite de Bordeaux,2.78,0.88,0.75,3
28,Ab,Brinkley,abrinkleyr@google.com,Internationales Hochschulinstitut Zittau,3.01,0.7,0.66,3
29,Ario,Ivens,aivenss@weibo.com,Universidad Católica de Santiago de Guayaquil,2.82,0.78,0.4,2
30,Julio,Doby,jdobyt@reverbnation.com,Istanbul Technical University,3.22,0.84,0.44,2
31,Nora,Scough,nscoughu@wikimedia.org,Shinshu University,2.23,0.67,0.41,3
32,Aubrette,Pallin,apallinv@ted.com,Xinjiang Agriculture University,2.38,0.6,0.58,1
33,Lorenzo,Bernardotte,lbernardottew@mozilla.org,Middle East University,3.47,0.62,0.73,3
34,Anabel,Thorlby,athorlbyx@globo.com,The Dickinson School of Law,3.04,0.63,0.76,0
35,Gaultiero,Lowdham,glowdhamy@latimes.com,Institut National des Sciences Appliquées de Toulouse,3.67,0.74,0.41,1
36,Theresina,Yearn,tyearnz@gizmodo.com,ITT Technical Institute West Covina,2.66,0.6,0.79,1
37,Herrick,Margerison,hmargerison10@example.com,Technological University (Myitkyina) ,3.57,0.63,0.56,3
38,Natalee,Danilchik,ndanilchik11@ameblo.jp,Tuva State University,3.02,0.73,0.69,2
39,Alessandra,Brooks,abrooks12@mit.edu,Princess Nora Bint Abdulrahman University,3.2,0.69,1.05,0
40,Lyndsie,Islep,lislep13@un.org,Lamar University,2.93,0.79,0.56,3
41,Timofei,Heaviside,theaviside14@nbcnews.com,University of Maryland at College Park,3.53,0.38,0.56,0
42,Garland,Glozman,gglozman15@phoca.cz,"Universidad Nacional Experimental ""Simón Rodriguez""",3.11,0.77,0.4,2
43,Delmore,Hilary,dhilary16@1688.com,Universitas Amir Hamzah,3.47,0.86,0.72,2
44,Nahum,Brosnan,nbrosnan17@wordpress.org,Chaudhary Charan Singh University,2.92,0.8,0.44,2
45,Garland,Kuhnwald,gkuhnwald18@hubpages.com,"Florida Metropolitan University, Fort Lauderdale College",2.92,0.84,0.58,1
46,Byram,Theml,btheml19@twitter.com,Visvesvaraya Technological University,2.82,0.81,0.65,3
47,Suzi,Newgrosh,snewgrosh1a@adobe.com,Universitas Pancasakti Tegal,2.71,0.77,0.64,4
48,Arri,Rableau,arableau1b@imdb.com,College of Technology at Abha,2.37,0.82,1.07,2
49,Milty,Woolens,mwoolens1c@dion.ne.jp,Wayamba University of Sri Lanka ,3.97,0.89,0.65,0
50,Melitta,Ardern,mardern1d@a8.net,Université Amar Telidji,3.32,0.84,0.85,3
51,Darbie,McFeate,dmcfeate1e@dailymail.co.uk,Université Ibn Zohr Agadir,2.57,0.9,0.43,0
52,Clarita,Shekle,cshekle1f@weather.com,Universidad de León,3.17,0.62,0.52,0
53,Doyle,Scimoni,dscimoni1g@domainmarket.com,Multimedia University of Kenya,2.79,0.69,0.63,4
54,Graham,Garbutt,ggarbutt1h@epa.gov,University of Wisconsin - Green Bay,2.33,0.63,0.54,4
55,Jerrilyn,Banbridge,jbanbridge1i@bloglines.com,Xi'an Jiaotong University,3.05,0.74,0.88,0
56,Job,Wethey,jwethey1j@squarespace.com,Universitas Airlangga,2.89,0.87,0.71,4
57,Meyer,Dowderswell,mdowderswell1k@github.com,Milligan College,3.36,0.74,0.72,0
58,Carleen,O'Noland,conoland1l@webmd.com,Arellano University,3.11,0.82,0.83,2
59,Ulysses,Ruddoch,uruddoch1m@sun.com,"Curtin University of Technology, Sarawak Campus",4.13,0.63,0.86,3
60,Kris,Wilce,kwilce1n@vimeo.com,Ecole Nationale d'Ingénieurs des Travaux Agricoles de Bordeaux,2.21,0.67,0.71,1
61,Irwinn,Moline,imoline1o@ameblo.jp,East Stroudsburg State University,3.42,0.55,0.76,4
62,Rois,Grass,rgrass1p@ucoz.com,Kuban State University,2.89,0.64,0.8,4
63,Andree,Cromarty,acromarty1q@merriam-webster.com,University of Mumbai,3.06,0.57,0.62,1
64,Gusta,Boc,gboc1r@ocn.ne.jp,French Institute of Management,2.69,0.88,0.51,1
65,Eirena,Doodson,edoodson1s@clickbank.net,Universität für künstlerische und industrielle Gestaltung Linz,3.08,0.83,0.77,1
66,Kellsie,Jereatt,kjereatt1t@storify.com,Fukuoka Dental College,2.24,0.65,0.58,2
67,Baxy,Mattinson,bmattinson1u@instagram.com,Bratislava International School of Liberal Arts,3.25,0.81,0.58,0
68,Gardy,Giroldi,ggiroldi1v@purevolume.com,Universidad Autonoma Monterrey,2.46,0.77,0.79,1
69,Gusella,De Normanville,gdenormanville1w@ihg.com,Blessing-Rieman College of Nursing,3.49,0.85,0.39,2
70,Wolfie,Degoe,wdegoe1x@1und1.de,Ecole Superieure Robert de Sorbon,3.48,0.69,0.45,3
71,Bevin,Balding,bbalding1y@whitehouse.gov,Alfred University,3.22,0.65,0.74,3
72,Viviyan,De La Cote,vdelacote1z@time.com,Holar University College,3.48,0.72,0.66,2
73,Allyn,Coushe,acoushe20@blogger.com,Hebei University,3.28,0.65,1.06,3
74,Rina,Bendell,rbendell21@usda.gov,Hebei University of Science and Technology,2.6,0.79,0.63,1
75,Bari,Blazy,bblazy22@forbes.com,Universiti Teknikal Malaysia Melaka,3.32,0.75,0.96,4
76,Angus,Glanvill,aglanvill23@google.nl,Iwate University,3.26,0.8,0.64,3
77,Lauryn,Courtman,lcourtman24@cnet.com,Health sciences University of Mongolia,2.66,0.6,0.52,3
78,Anson,Verling,averling25@springer.com,Osaka University,3.17,0.87,0.87,0
79,Suzie,Sweetman,ssweetman26@reuters.com,University of Hartford,3.38,0.9,0.47,2
80,Janene,Asaaf,jasaaf27@pagesperso-orange.fr,Spertus Institute of Jewish Studies,3.16,0.66,0.61,0
81,Sile,Shimman,sshimman28@soup.io,Slovak Medical University,3.03,0.76,0.82,2
82,Andras,Petyankin,apetyankin29@google.pl,Breyer State University (Virtual University),2.5,0.77,0.87,1
83,Didi,Squires,dsquires2a@ft.com,Universität Passau,3.06,0.9,0.8,4
84,Lara,Kuhnt,lkuhnt2b@trellian.com,Bangladesh University of Professionals,2.76,0.81,0.68,0
85,Graham,Feldmus,gfeldmus2c@diigo.com,Russian Academy of Theatre Arts,3.1,0.58,0.68,4
86,Miles,Crone,mcrone2d@irs.gov,University of Stellenbosch,3.26,0.7,0.69,0
87,Jessy,Vokins,jvokins2e@comsenz.com,Universidade Federal da Paraíba,3.19,0.7,0.54,1
88,Hetty,Chipman,hchipman2f@squidoo.com,American University of Armenia,3.51,0.64,0.38,1
89,Dolf,Doreward,ddoreward2g@w3.org,Jai Narayan Vyas University,3.01,0.55,0.47,1
90,Lombard,Turfus,lturfus2h@ucsd.edu,Ecole Centrale de Lille,3.02,0.96,0.4,0
91,Nadeen,Copins,ncopins2i@indiatimes.com,Walden University,3.73,0.85,0.95,0
92,Godiva,Augustine,gaugustine2j@google.com,Mankato State University,3.19,0.7,0.97,2
93,Ario,Raubenheim,araubenheim2k@flickr.com,Central University of Finance and Economics,3.28,0.81,0.87,1
94,Daisie,Fritz,dfritz2l@microsoft.com,University of Jan Evangelista Purkyne,2.29,0.84,0.6,3
95,Edna,Lamburn,elamburn2m@google.ru,Pennsylvania State University - Milton S.Hershey Medical Center,3.3,0.79,0.66,4
96,Hildagarde,McAllan,hmcallan2n@nhs.uk,Lewis University,2.96,0.81,0.3,4
97,Gilligan,McKeating,gmckeating2o@boston.com,Universidad Autónoma de Asunción,2.63,0.72,0.79,4
98,Faydra,MacDonell,fmacdonell2p@samsung.com,University of Lethbridge,2.43,0.85,0.72,1
99,Stanfield,Benthall,sbenthall2q@bluehost.com,Kyrgyz State Technical University,2.65,0.75,0.59,3
100,Torry,Griswood,tgriswood2r@163.com,Université Badji Mokhtar,2.67,0.72,0.72,4
101,Carmina,Grimsdyke,cgrimsdyke2s@canalblog.com,Riara University School of Business and Law,3.15,0.81,0.7,4
102,Niven,Cline,ncline2t@cbsnews.com,Universidad de Montemorelos,2.27,0.76,0.68,3
103,Georgi,Dibdale,gdibdale2u@shutterfly.com,"Pedagogical State University ""Ion Creanga""",2.57,0.68,0.26,2
104,Catha,Sowerbutts,csowerbutts2v@shop-pro.jp,Yerevan State University,3.73,0.67,0.62,1
105,Penrod,Dorking,pdorking2w@privacy.gov.au,Université du Droit et de la Sante (Lille II),2.5,0.77,0.71,2
106,York,Hourihane,yhourihane2x@amazon.de,Ecole Nationale Supérieure des Mines d'Alès,2.71,0.66,0.67,0
107,Kippie,Westmoreland,kwestmoreland2y@vinaora.com,Hemwati Nandan Bahuguna Garhwal University,3.19,0.78,0.49,0
108,Abigale,Harkins,aharkins2z@123-reg.co.uk,Weizmann Institute of Science,2.55,0.65,0.56,4
109,Ashley,Saer,asaer30@devhub.com,Foreign Trade University,2.81,0.72,0.6,3
110,Ellie,Blick,eblick31@cisco.com,"University ""Transilvany"" of Brasov",2.88,0.75,0.59,0
111,Red,Crimmins,rcrimmins32@nifty.com,Ecole Nationale Supérieure de Biologie Appliquée à la Nutrition et à l'Alementation,3.02,0.89,0.66,2
112,Kassia,Cammacke,kcammacke33@elegantthemes.com,Arabian Gulf University,2.58,0.9,0.76,1
113,Taryn,Tilburn,ttilburn34@elegantthemes.com,Gondar University,1.95,0.65,0.76,3
114,Blair,Boaler,bboaler35@java.com,"Long Island University, Southampton College",3.39,0.74,0.64,4
115,Antoine,Jandac,ajandac36@wp.com,Chhatrapati Shahu Ji Maharaj University,3.21,0.8,0.66,4
116,Kerby,Inkles,kinkles37@godaddy.com,Hokkaigakuen University,2.24,0.78,0.44,0
117,Marti,Cheltnam,mcheltnam38@51.la,St. Thomas Aquinas College,2.65,0.8,0.53,2
118,Harwell,Sturrock,hsturrock39@sfgate.com,Korea National University of Physical Education,2.33,0.66,0.72,3
119,Beatrix,Masterson,bmasterson3a@adobe.com,Kyungwon University,3.65,0.83,0.74,2
120,Hanson,Mufford,hmufford3b@sakura.ne.jp,New York School of Interior Design,3.26,0.78,0.61,0
121,Kirby,Ciccetti,kciccetti3c@omniture.com,Montana State University - Northern,2.92,0.56,0.88,0
122,Randi,Melmar,rmelmar3d@stumbleupon.com,Nippon Veterinary and Animalscience University,3.81,0.73,0.69,4
123,Charlotte,Lethley,clethley3e@1und1.de,Chungbuk National University,3.09,0.55,0.67,2
124,Araldo,Petrolli,apetrolli3f@ycombinator.com,Ross University Caribbean School of Medicine,3.17,0.81,0.6,4
125,Kimmy,Killen,kkillen3g@gizmodo.com,Université de Perpignan,2.41,0.88,0.61,1
126,Ariadne,Duffree,aduffree3h@ft.com,Stockholm School of Economics,2.25,0.82,0.55,1
127,Hewett,Ech,hech3i@nature.com,Rider University,3.58,0.69,0.95,2
128,Elva,Linzee,elinzee3j@e-recht24.de,National Mining University,2.94,0.74,1.01,0
129,Myer,Reside,mreside3k@apache.org,University of Sint Eustatius School of Medicine,3.44,0.62,0.69,0
130,Debor,Potzold,dpotzold3l@skype.com,University of Texas at Tyler,3.11,0.96,0.55,1
131,Adda,Bonifazio,abonifazio3m@reddit.com,Danville Area Community College,3.43,0.65,0.71,3
132,Tirrell,Moorcraft,tmoorcraft3n@narod.ru,Universidad Autónoma de Guerrero,3.53,0.65,0.79,4
133,Maddi,Karus,mkarus3o@independent.co.uk,Wollega University,2.77,0.71,0.79,2
134,Dorita,Jerratsch,djerratsch3p@dagondesign.com,Sahand University of Technology,3.25,0.51,0.27,2
135,Alvy,Snare,asnare3q@theglobeandmail.com,Louisiana Baptist University,3.73,0.77,0.74,1
136,Gerti,Astling,gastling3r@hhs.gov,University of Ruhuna,3.37,0.84,0.5,2
137,Janith,Bendare,jbendare3s@comcast.net,International School of Business Management,3.34,0.84,1.01,2
138,Shirline,Middle,smiddle3t@state.gov,Barton College,2.24,0.72,0.73,0
139,Gusta,Kitteman,gkitteman3u@nydailynews.com,China Three Gorges University,2.46,0.84,0.68,4
140,Flossi,Scheu,fscheu3v@dot.gov,University of Michigan - Ann Arbor,3.12,0.81,1.01,3
141,Correna,Rough,crough3w@hhs.gov,Ecole Nationale Supérieure d'Ingénieurs de Génie Chimique,2.13,0.63,0.77,0
142,Bethanne,Gogerty,bgogerty3x@jalbum.net,D'Youville College,4.01,0.65,0.64,0
143,Lindsy,Guerrieri,lguerrieri3y@sogou.com,Istanbul University,3.75,0.71,0.75,4
144,Corly,Gough,cgough3z@google.com.br,Chittagong University of Engineering and Technology,2.86,0.78,0.71,3
145,Jena,Leathlay,jleathlay40@aboutads.info,Regis College,3.32,0.58,0.65,0
146,Alix,Merrell,amerrell41@ocn.ne.jp,Rostov State Medical University,2.61,0.82,0.71,0
147,Hillard,Zannotti,hzannotti42@sohu.com,Sri Krishnadevaraya University,3.26,0.91,0.64,0
148,Davis,Perdue,dperdue43@cnn.com,National University,2.72,0.81,0.58,1
149,Gunther,Revett,grevett44@google.co.jp,National University of Science and Technology,2.94,0.95,0.6,0
150,Blakeley,Crowd,bcrowd45@multiply.com,National Hualien Teachers College,2.55,0.68,0.54,0
151,Goldi,Eunson,geunson46@google.co.jp,Komazawa University,2.61,0.78,0.82,4
152,Lorne,Kubat,lkubat47@sitemeter.com,Baker College of Flint,3.56,0.7,0.67,1
153,Manuel,Mitrikhin,mmitrikhin48@newsvine.com,Hiroshima Jogakuin University,3.07,0.67,0.59,4
154,Adler,Schoffel,aschoffel49@about.me,Morningside College,3.2,0.69,0.6,2
155,Deerdre,Franzotto,dfranzotto4a@studiopress.com,Allahabad University,3.83,0.75,0.58,4
156,Nanci,Caress,ncaress4b@jimdo.com,University of Agriculture and Veterinary Medicine Iasi,3.55,0.75,0.73,4
157,Alexia,Perren,aperren4c@cnn.com,University of Technology - Iraq,2.75,0.9,0.67,0
158,Trula,Pessler,tpessler4d@google.co.jp,Pontificia Universidad Católica del Perú,3.67,0.79,0.56,2
159,Karlotte,Iffe,kiffe4e@latimes.com,University of Bergamo,3.59,0.79,0.61,0
160,Flin,Bettenson,fbettenson4f@wired.com,Nanhua University,2.75,0.9,0.82,1
161,Jeniffer,Fairbard,jfairbard4g@pbs.org,University of Management and Marketing,3.21,0.89,0.59,1
162,Kellyann,Rockey,krockey4h@last.fm,Budapest Buddhist University,2.65,0.9,0.72,1
163,Laura,Cornill,lcornill4i@printfriendly.com,Western Delta University,2.84,0.88,0.57,3
164,Melony,Grayshan,mgrayshan4j@omniture.com,Business and Hotel Management School,2.93,0.92,0.64,1
165,Sonia,Jailler,sjailler4k@ocn.ne.jp,Universidad Santo Tomás,1.94,0.5,0.52,3
166,Marchelle,Eydel,meydel4l@usnews.com,Tokyo Medical and Dental University,2.38,0.96,0.71,4
167,Darnall,Fuente,dfuente4m@theatlantic.com,University of Maryland (System),3.01,0.93,0.63,1
168,Collie,McMurray,cmcmurray4n@usda.gov,Zonguldak Karaelmas University,3.34,0.93,0.68,4
169,Leilah,Benedek,lbenedek4o@ox.ac.uk,"State Film, Television and Theatre Higher School Leon Schiller in Lodz",2.71,0.75,0.71,4
170,Wiley,Hickford,whickford4p@spiegel.de,Hiiraan University,3.06,0.82,0.54,2
171,Andrea,Elt,aelt4q@cmu.edu,Niigata University of Management,3.84,0.71,0.52,1
172,Justen,Burdass,jburdass4r@ihg.com,Karunya Institute Of Technology ( Deemed University),3.41,0.92,0.87,3
173,Ricki,Espinheira,respinheira4s@vk.com,University of Insurance and Banking in Warsaw,3.56,0.72,0.74,1
174,Lina,Oates,loates4t@addthis.com,University of Dongola,3.43,0.72,0.55,3
175,Gaultiero,Gerty,ggerty4u@github.com,Union College Kentucky,3.1,0.91,0.84,4
176,Abbe,Fritzer,afritzer4v@washington.edu,Hochschule Bremerhaven,2.92,0.68,0.81,4
177,Alejoa,Sangra,asangra4w@bigcartel.com,University of Cagliari,3.11,0.92,0.45,2
178,Page,Eddowis,peddowis4x@flickr.com,Post University of Waterbury,3.04,0.74,0.7,1
179,Callie,Dury,cdury4y@cocolog-nifty.com,"DeVry Institute of Technology, Chicago",3.17,0.79,0.76,2
180,Jeri,Kimberley,jkimberley4z@harvard.edu,St. Petersburg State Cinema and TV University,2.55,0.89,0.58,1
181,Mohammed,Lidster,mlidster50@sakura.ne.jp,Central Radio and TV University,2.96,0.81,0.58,4
182,Irvin,Kings,ikings51@flickr.com,Iceland University of Education,3.41,0.85,0.88,2
183,Gabby,Errichiello,gerrichiello52@netlog.com,"University of California, Los Angeles",2.85,0.8,0.63,4
184,Hasheem,Sinnatt,hsinnatt53@simplemachines.org,Universitas Sriwijaya,3.46,0.82,0.79,1
185,Isac,Bassill,ibassill54@yahoo.com,EarthNet Institute,2.45,0.79,0.52,0
186,Slade,Fawlks,sfawlks55@wikipedia.org,Satakunta University Of Applied Scinces,2.12,0.83,0.61,0
187,Chet,Garci,cgarci56@taobao.com,Universidade Federal do Vale do São Francisco,4.1,0.85,0.69,1
188,Dallis,Doumenc,ddoumenc57@fda.gov,Cavendish University,3.4,0.74,0.57,3
189,Delphine,Lohden,dlohden58@ebay.com,Marymount University,2.98,0.72,0.57,0
190,Caria,Covotti,ccovotti59@nyu.edu,University of Applied Sciences Aargau,2.22,0.86,0.61,2
191,Farr,Figge,ffigge5a@xing.com,Instituto Universitario de Estudios Navales y Marítimos,3.92,0.61,0.49,2
192,Ewell,McIlherran,emcilherran5b@clickbank.net,University of Minnesota - Duluth,2.47,0.72,0.54,1
193,Bron,Kanzler,bkanzler5c@epa.gov,Zhongnan University of Economics and Law,3.68,0.78,0.62,4
194,Theresina,Hawford,thawford5d@squidoo.com,Fachhochschule für Technik und Wirtschaft Berlin,2.49,0.74,0.47,0
195,William,Curado,wcurado5e@dell.com,Takoradi Polytechnic ,3.17,0.77,0.84,0
196,Lucille,Culpen,lculpen5f@simplemachines.org,Universität Siegen,3.54,0.77,0.59,0
197,Rosalie,Gaddesby,rgaddesby5g@sakura.ne.jp,Jerash Private University,3.34,0.97,0.77,0
198,Monte,Macbeth,mmacbeth5h@tripadvisor.com,Nicolaus Copernicus University of Torun,3.31,0.73,0.46,1
199,Gilli,Brasse,gbrasse5i@tumblr.com,Kurume University,2.48,0.61,0.79,1
200,Garvey,Keasey,gkeasey5j@about.com,Kent State University - Trumbull,3.02,0.79,0.43,0
201,Maxi,Serck,mserck5k@toplist.cz,Kyoto Prefectural University,2.27,0.58,0.58,4
202,Delbert,Besse,dbesse5l@berkeley.edu,Universidad de Nariño,3.08,0.53,0.64,1
203,Roselin,Fearn,rfearn5m@meetup.com,Hiroshima Institute of Technology,3.27,0.77,0.68,0
204,Tedi,Trapp,ttrapp5n@fc2.com,Vikram University,2.66,0.61,0.52,1
205,Rock,Leathart,rleathart5o@so-net.ne.jp,Visva-Bharati University,3.67,0.64,1.08,2
206,Farrah,Lehon,flehon5p@sciencedirect.com,Tel Aviv University,3.21,0.83,0.71,1
207,Agatha,Arkill,aarkill5q@squarespace.com,Donetsk National University,3.93,0.58,0.52,4
208,West,Mor,wmor5r@blogs.com,Instituto Superior de Tecnologias Avançadas - ISTEC,3.34,0.65,0.67,0
209,Bevan,Krahl,bkrahl5s@booking.com,Menlo College,3.65,0.85,0.85,1
210,Kristofer,Wybrew,kwybrew5t@vinaora.com,Anderson University,2.79,0.72,0.19,3
211,Ashton,Pearn,apearn5u@tiny.cc,University of Science & Technology Bannu,2.27,0.85,0.71,4
212,Dorotea,Segeswoeth,dsegeswoeth5v@fema.gov,Maharaja Sayajirao University of Baroda,2.57,0.77,0.68,2
213,Skyler,Rodbourne,srodbourne5w@ca.gov,Institut Teknologi Brunei,2.62,0.76,0.53,2
214,Sharline,Ben-Aharon,sbenaharon5x@google.de,"American University Extension, Okinawa",2.85,0.69,0.65,0
215,Kali,Priel,kpriel5y@hao123.com,Mongolian National University,3.04,0.76,0.58,1
216,Reina,Blabey,rblabey5z@youku.com,California School of Professional Psychology - San Diego,2.89,0.97,0.76,1
217,Rafa,Guitel,rguitel60@1688.com,"California State University, Sacramento",3.21,0.74,0.61,2
218,Lanna,De Michetti,ldemichetti61@fotki.com,Bamenda University of Science & Technology,2.82,0.91,0.47,3
219,Skell,Sandiland,ssandiland62@dmoz.org,Enugu State University of Science and Technology,2.69,0.77,0.8,3
220,Trey,Reedie,treedie63@bandcamp.com,University of Baghdad,4.13,0.81,0.62,1
221,Philis,Densumbe,pdensumbe64@cnet.com,University of Minnesota - Twin Cities Campus,2.71,0.59,0.63,2
222,Rhys,Rizzo,rrizzo65@sohu.com,Tarleton State University,2.6,0.76,0.46,2
223,Gennie,Pelzer,gpelzer66@desdev.cn,Aichi Gakusen University,3.42,0.89,0.86,4
224,Simonne,Nelhams,snelhams67@shutterfly.com,Northwestern University,2.73,0.62,0.61,3
225,Dorotea,Probbin,dprobbin68@aol.com,Universitas Persada Indonesia Y.A.I,3.9,0.76,0.87,1
226,Amelina,Macellar,amacellar69@cdbaby.com,"Universidad Nacional Experimental Sur del Lago ""Jesús Maria Semprum""",2.54,0.64,0.84,1
227,Kayley,Playfair,kplayfair6a@paypal.com,Universidade do Oeste Paulista,3.34,0.84,0.97,2
228,Eustace,Silversmidt,esilversmidt6b@hud.gov,Universidad Mexicana del Noreste,4.63,0.77,0.44,1
229,Arlana,Hughesdon,ahughesdon6c@omniture.com,University of Kabianga,1.43,0.64,0.58,2
230,Aubert,Durbyn,adurbyn6d@buzzfeed.com,Université d'Avignon,3.71,0.54,0.69,3
231,Haleigh,Zoppo,hzoppo6e@utexas.edu,New England Institute of Technology,2.33,0.82,0.69,4
232,Corena,Schoenfisch,cschoenfisch6f@wufoo.com,"Islamic Azad University, Tabriz",2.88,0.64,0.82,0
233,Marybelle,Klazenga,mklazenga6g@tinypic.com,Gifu Women's University,2.99,0.95,0.59,3
234,Nickey,Paolino,npaolino6h@technorati.com,American College of Thessaloniki,2.77,0.62,0.66,3
235,Amaleta,Kevern,akevern6i@ask.com,Colegio de Estudios Superiores de Administración (CESA),3.11,0.63,0.67,0
236,Danika,Luten,dluten6j@friendfeed.com,Rensselaer Polytechnic Institute,1.85,0.67,0.71,3
237,Alma,Bulfoot,abulfoot6k@weibo.com,Odessa National I.I. Mecnikov University,3.2,0.88,0.55,1
238,Alfie,Stones,astones6l@cnbc.com,College of the Holy Cross,3.82,0.77,0.69,3
239,Jenda,Klejin,jklejin6m@etsy.com,Universidad Nacional de Río Cuarto,2.15,0.75,0.59,4
240,Jolyn,Keepin,jkeepin6n@cpanel.net,University of Arkansas (System),3.0,0.76,0.84,2
241,Misti,Pember,mpember6o@blinklist.com,Universidad del Norte,2.95,0.66,0.4,3
242,Joni,Schurig,jschurig6p@admin.ch,Marathwada Agricultural University,3.4,0.68,0.59,4
243,Bowie,Darkins,bdarkins6q@etsy.com,Chubu Gakuin University & Chubu Women's College,3.46,0.85,0.73,3
244,Roshelle,Kibbe,rkibbe6r@dmoz.org,Glasgow Caledonian University,2.75,0.86,0.5,3
245,Arlana,Lamy,alamy6s@biglobe.ne.jp,Spartan University of Health Sciences,3.34,0.81,0.64,2
246,Liva,Shildrick,lshildrick6t@newyorker.com,Hong Kong Polytechnic University,3.97,0.62,0.68,0
247,Janna,Broxholme,jbroxholme6u@theatlantic.com,American University of Kuwait ,2.89,0.74,0.62,3
248,Catlaina,Marin,cmarin6v@chron.com,William Carey College,3.18,0.75,0.82,0
249,Lilian,Chastenet,lchastenet6w@howstuffworks.com,Osaka Shoin Women's College,2.62,0.97,0.52,0
250,Gauthier,Whorall,gwhorall6x@google.com.au,Université Senghor d'Alexandrie,3.17,0.69,0.56,3
251,Lindy,Crann,lcrann6y@shinystat.com,Ufuk University,3.1,0.73,0.56,1
252,Gerri,Pigrome,gpigrome6z@zdnet.com,Hartwick College,1.94,0.75,0.72,2
253,Townsend,Dawtry,tdawtry70@opera.com,Oulu Polytechnic,1.63,0.82,0.62,1
254,Mavra,Ricards,mricards71@eepurl.com,Instituto Universitario CEMA,2.34,0.94,0.61,1
255,Mora,Hugnet,mhugnet72@chicagotribune.com,Athens State College,3.15,0.57,0.5,4
256,Lezley,McCosker,lmccosker73@cnbc.com,"Northwood University, Florida Campus",3.41,0.84,0.73,4
257,Ellsworth,Sumpter,esumpter74@list-manage.com,Universidad Autónoma de Zacatecas,3.78,0.87,0.63,2
258,Windy,Bagnold,wbagnold75@cbslocal.com,Fundación Universitaria del Area Andina. Sede Pereira,3.17,0.8,0.49,4
259,Anni,Le Marquis,alemarquis76@cbslocal.com,North East University Bangladesh,3.42,0.8,0.72,1
260,Berty,Wooffitt,bwooffitt77@gnu.org,Universitas Diponegoro,2.1,0.76,0.69,1
261,Donalt,Gamwell,dgamwell78@youtube.com,Pontifícia Universidade Católica de Campinas,3.11,0.84,0.44,0
262,Eleen,Whitcher,ewhitcher79@google.com.au,Sir Syed Institute Of Technology Islamabad,2.44,0.85,0.82,1
263,Cyb,Agnolo,cagnolo7a@51.la,Applied Science University,3.72,0.74,0.55,3
264,Justinn,Roark,jroark7b@umich.edu,University of Ballarat,2.73,0.83,0.57,1
265,Netti,Rudiger,nrudiger7c@imdb.com,Universidad del Valle de Toluca,3.36,0.67,0.64,2
266,Broderick,Hrynczyk,bhrynczyk7d@youku.com,United States Coast Guard Academy,2.89,0.73,0.58,2
267,Cort,Swatten,cswatten7e@wikia.com,Ulyanovsk State Technical University,3.32,0.79,0.75,3
268,Hastings,Mackrill,hmackrill7f@godaddy.com,University of Science & Technology Chittagong,3.31,0.91,0.63,4
269,Linette,Blaes,lblaes7g@harvard.edu,Taipei Medical College,2.77,0.6,0.7,2
270,Maria,Sauter,msauter7h@ocn.ne.jp,Cleveland State University,3.57,0.73,0.62,1
271,Jeanelle,Samweyes,jsamweyes7i@goodreads.com,Emerson College,2.19,0.69,0.53,4
272,Karl,Lavigne,klavigne7j@google.com.hk,Universidad Autónoma de Chihuahua,2.22,0.81,0.68,0
273,Neron,Douglass,ndouglass7k@skype.com,Chaopraya University ,2.46,0.85,0.52,3
274,Hulda,Doutch,hdoutch7l@mapy.cz,Ecole Nationale d'Ingénieurs de Metz,3.23,0.8,0.89,1
275,Berny,Zimmerman,bzimmerman7m@topsy.com,"Institute of Teachers Education, Kent",2.69,0.82,0.66,4
276,Stephenie,Jenckes,sjenckes7n@technorati.com,Tsuda College,2.78,0.83,0.78,3
277,Ella,Mayho,emayho7o@1688.com,Gulhane Military Medical Academy,3.58,0.69,0.63,1
278,Saraann,Levermore,slevermore7p@bbb.org,Universidade Vale do Rio Doce,2.75,0.66,0.9,3
279,Junette,Shovell,jshovell7q@comsenz.com,Gubkin Russian State University of Oil and Gas,2.45,0.75,0.72,2
280,Fredrick,Louth,flouth7r@indiatimes.com,Westfield State College,3.28,0.76,0.85,0
281,Del,Gutherson,dgutherson7s@creativecommons.org,Nayanova University,3.14,0.84,1.04,0
282,Gnni,Dobson,gdobson7t@blogspot.com,Universidad Agraria del Ecuador,3.23,0.87,0.61,0
283,Palm,Yanyushkin,pyanyushkin7u@dailymail.co.uk,West Bengal University of Animal and Fishery Sciences,2.86,0.83,0.58,2
284,Aksel,Tillerton,atillerton7v@opensource.org,Kamchatka State University Vitus Bering,3.23,0.76,0.47,0
285,Brant,Shinefield,bshinefield7w@sphinn.com,Universidad Nacional Agraria La Molina,3.29,0.85,0.9,0
286,Chantal,Vlasenko,cvlasenko7x@patch.com,Institute of Management and Technical Studies ,2.9,0.54,0.73,0
287,Rosina,Candie,rcandie7y@furl.net,Theologische Fakultät Paderborn,3.25,0.95,0.85,0
288,Minny,Bradfield,mbradfield7z@ox.ac.uk,European Humanities University,3.49,0.7,0.84,2
289,Delila,Jeffes,djeffes80@posterous.com,University of Tromsø,3.57,0.74,0.68,0
290,Agnella,Garnall,agarnall81@un.org,Bowling Green State University,2.64,0.78,0.68,2
291,Lynna,Rotchell,lrotchell82@techcrunch.com,Allameh Tabatabaie University,3.2,0.65,0.45,3
292,Roana,Geeve,rgeeve83@cargocollective.com,Japan Women's University,2.94,0.63,0.68,3
293,Aurea,Pentin,apentin84@mit.edu,"Indian Institute of Management, Tiruchirappalli",3.89,0.59,0.53,3
294,Waldo,Varren,wvarren85@chron.com,Shirayuri Women's College,2.31,0.85,0.58,2
295,Wyatan,Poytress,wpoytress86@state.gov,"Fachhochschule Mannheim, Hochschule für Sozialwesen",2.29,0.73,0.78,2
296,Sarena,Castellani,scastellani87@yale.edu,City University,3.26,0.77,0.74,2
297,Harlen,Simla,hsimla88@etsy.com,Aurora University,2.07,0.84,0.61,1
298,Guido,Charpling,gcharpling89@globo.com,Instituto Universitario de Ciencias de la Salud Fundación H.A. Barceló,2.85,0.6,0.49,0
299,Kessiah,Belison,kbelison8a@prweb.com,Guru Jambeshwar University,2.83,0.77,0.73,4
300,Biddie,Verity,bverity8b@google.com.br,Jilin University,3.04,0.76,0.45,4
301,Morgan,Dioniso,mdioniso8c@mapy.cz,"Universidad Católica Boliviana, Tarija",2.89,0.81,0.77,1
302,Roosevelt,Errol,rerrol8d@ebay.com,Universidad de Cádiz,2.36,0.69,0.51,3
303,Kienan,Weson,kweson8e@berkeley.edu,Universidade Federal de Minas Gerais,2.34,0.83,0.79,3
304,Nichole,Bullocke,nbullocke8f@moonfruit.com,Universidad Nuestra Senora de La Paz,3.08,0.74,0.81,4
305,Newton,Ind,nind8g@apache.org,Technical University of Wroclaw,2.99,0.69,0.77,4
306,Sherry,Mecozzi,smecozzi8h@auda.org.au,Worcester State College,2.52,0.74,0.47,1
307,Sawyer,Chillingsworth,schillingsworth8i@qq.com,Universidad de Sonora,3.36,0.63,0.72,0
308,Codie,Woolliams,cwoolliams8j@harvard.edu,San Francisco State University,3.03,0.67,0.56,3
309,Marilyn,Le Franc,mlefranc8k@i2i.jp,St. John's & St. Mary's Institute of Technology,2.64,0.82,0.41,1
310,Roley,Gehrts,rgehrts8l@livejournal.com,Universidad del Aconcagua,2.8,0.65,0.65,0
311,Miner,Andriesse,mandriesse8m@marriott.com,Academy of Economics in Cracow,2.5,0.75,0.48,2
312,Christina,Jowitt,cjowitt8n@upenn.edu,Busitema University,3.1,0.77,0.75,0
313,Samuele,Antonomoli,santonomoli8o@businessweek.com,Kyushu Sangyo University,3.07,0.63,0.97,1
314,Maurie,Blakelock,mblakelock8p@naver.com,Lyon College,3.05,0.78,0.88,1
315,Rutger,Pummery,rpummery8q@dion.ne.jp,Universidad de Concepción del Uruguay,3.16,0.71,0.91,1
316,Emmie,Buswell,ebuswell8r@oaic.gov.au,Quinnipiac College,2.93,0.79,0.49,3
317,Hermine,Drakard,hdrakard8s@hp.com,Universidad Nacional Agraria,3.07,0.66,0.69,1
318,Aldwin,Crilly,acrilly8t@ustream.tv,Central College,2.97,0.92,0.35,0
319,Sibylla,Skoggins,sskoggins8u@delicious.com,Bellarmine College,2.56,0.8,0.72,0
320,Hyacintha,Legendre,hlegendre8v@yolasite.com,St. Petersburg State University,3.43,0.77,0.65,3
321,Gideon,Tzar,gtzar8w@cafepress.com,University of Kurdistan,2.67,0.75,0.67,2
322,Emilie,Adams,eadams8x@squidoo.com,"National University of Ireland, Maynooth",3.53,0.79,0.54,0
323,Ezra,Pescod,epescod8y@nature.com,Takasaki City University of Economics,2.63,0.72,0.83,0
324,Marietta,Kenny,mkenny8z@4shared.com,Pennsylvania State University at Harrisburg - The Capital College,3.32,0.75,0.68,3
325,Briant,Brunicke,bbrunicke90@webeden.co.uk,Kashan University of Medical Sciences,3.09,0.79,0.46,1
326,Bren,Lockley,blockley91@un.org,Spelman College,3.4,0.76,0.91,1
327,Gusta,Vyvyan,gvyvyan92@oracle.com,Emmanuel College Georgia,3.71,0.73,0.74,3
328,Emma,Losel,elosel93@ibm.com,University of Mississippi Medical Center,2.79,0.98,0.81,3
329,Scot,Van Daalen,svandaalen94@upenn.edu,Agricultural-Technical Academy in Olsztyn,2.56,0.57,0.76,2
330,Michelina,Will,mwill95@joomla.org,Istanbul University,2.31,0.7,0.82,0
331,Jeanette,Fucher,jfucher96@washingtonpost.com,Institute of Space Technology,2.94,0.88,0.57,1
332,Michelina,Deathridge,mdeathridge97@state.gov,Universidad del Valle de Guatemala,2.68,0.79,0.77,3
333,Brita,O'Gleasane,bogleasane98@dyndns.org,Kyrgyz Turkish  Manas University,2.42,0.69,0.63,4
334,Daria,Hyett,dhyett99@altervista.org,Villanova University,3.26,0.95,0.69,3
335,Etty,Kynder,ekynder9a@hexun.com,Gorgan University of Agricultural Sciences and Natural Resources,3.75,0.85,0.63,0
336,Sharai,Faloon,sfaloon9b@hugedomains.com,William Woods University,3.21,0.9,0.67,1
337,Kahaleel,Rouby,krouby9c@rediff.com,School of Banking and Management in Cracow,2.83,0.8,0.79,2
338,Jennilee,Cissen,jcissen9d@baidu.com,Indiana University - Northwest,2.98,0.7,0.91,2
339,Kearney,Gaspard,kgaspard9e@reference.com,Kyungnam University,2.83,0.67,0.71,1
340,Ninette,Elgar,nelgar9f@cargocollective.com,Universidad de Sonsonate,2.6,0.72,0.83,0
341,Clywd,Aucourte,caucourte9g@twitter.com,"Indian Institute of Technology, Hyderabad",2.26,0.63,0.68,1
342,Myrna,Songust,msongust9h@netscape.com,Lebanon Valley College,2.67,0.85,0.76,4
343,Alexander,Castelletti,acastelletti9i@nymag.com,Universidad Nacional Pedro Ruíz Gallo,2.98,0.76,0.69,0
344,Ingram,Gorton,igorton9j@google.com.hk,Brescia College,2.19,0.69,0.6,1
345,Ada,Varnham,avarnham9k@stanford.edu,Universidad ISALUD,2.69,0.67,0.51,4
346,Dara,Towne,dtowne9l@gizmodo.com,Fachhochschule Nordostniedersachsen,2.73,0.55,0.61,4
347,Daniel,Rowberry,drowberry9m@nymag.com,Florida Southern College,2.61,0.88,0.81,1
348,Aprilette,Sidnell,asidnell9n@microsoft.com,Université des Antilles et de la Guyane,3.18,0.76,0.7,1
349,Rolando,Dawber,rdawber9o@artisteer.com,Bentley College,3.22,0.67,0.73,1
350,Audy,Fuchs,afuchs9p@jigsy.com,University of Agriculture and Veterinary Medicine Bucharest,2.89,0.55,0.6,2
351,Richard,Visick,rvisick9q@ibm.com,Universidade Federal do Rio de Janeiro,3.38,0.59,0.66,1
352,Pippa,Kubista,pkubista9r@list-manage.com,Otterbein College,2.7,0.68,0.8,4
353,Laurel,Braniff,lbraniff9s@meetup.com,Technological Education Institute of Patras,3.78,0.63,0.95,4
354,Eziechiele,Cowan,ecowan9t@netlog.com,Urmia University of Technology,2.15,0.86,0.63,4
355,Regine,Pinner,rpinner9u@nih.gov,Brunswick Community College,2.74,0.78,0.58,3
356,Beryl,Zambonini,bzambonini9v@dailymail.co.uk,Reinhardt College,3.19,0.85,0.87,1
357,Kellsie,Brown,kbrown9w@indiatimes.com,Shaqra University,2.78,0.73,0.63,3
358,Elliot,MacAlaster,emacalaster9x@e-recht24.de,Saratov State Medical University,3.32,0.63,0.58,0
359,Tedi,Wilcocke,twilcocke9y@live.com,Bryn Mawr College,3.69,0.48,0.25,4
360,Bobette,Sirmond,bsirmond9z@youku.com,Koka Women's College,2.76,0.66,0.5,3
361,Wood,Bachellier,wbachelliera0@vistaprint.com,"University of the East, Manila",2.84,0.79,0.8,0
362,Shannen,Elintune,selintunea1@ibm.com,Jones International University,3.52,0.73,0.57,0
363,Orland,Bilbery,obilberya2@imgur.com,Earlham College,2.24,0.67,0.7,2
364,Bobbette,Tregaskis,btregaskisa3@de.vu,"Arizona State University, Downtown Phoenix Campus",2.87,0.9,0.33,0
365,Nichole,Gounard,ngounarda4@purevolume.com,Kanda University of International Studies,2.9,0.71,0.55,3
366,Conway,Stopper,cstoppera5@fda.gov,Politeknik Pos Indonesia,3.88,0.63,0.51,3
367,Raimondo,Loeber,rloebera6@guardian.co.uk,City University,3.06,0.65,0.47,3
368,Trina,Farbrace,tfarbracea7@mtv.com,Holy Angel University,3.03,0.63,0.61,0
369,Klarrisa,Ost,kosta8@dyndns.org,Sierra Nevada College,2.51,0.91,0.66,4
370,Wernher,Strickler,wstricklera9@intel.com,Université de Lubumbashi,2.15,0.65,0.85,3
371,Lexi,Bau,lbauaa@hud.gov,Plekhanov Russian Academy of Economics,2.83,0.81,0.78,4
372,Griffy,Orfeur,gorfeurab@addthis.com,"Université Abou Bekr Belkaid, Tlemcen",2.24,0.69,0.89,1
373,Sharron,Martschke,smartschkeac@hhs.gov,University of Montenegro,2.68,0.61,0.72,0
374,Patty,Trenoweth,ptrenowethad@prnewswire.com,Private College of Dentistry and Pharmacy,2.94,0.87,0.7,2
375,Margot,Wybourne,mwybourneae@wikipedia.org,Fukuoka Institute of Technology,2.55,0.83,0.54,2
376,Renae,Muckeen,rmuckeenaf@slideshare.net,Trinity College Carmarthen,3.4,0.76,0.54,2
377,Lula,Palser,lpalserag@people.com.cn,Texas A&M University - Kingsville,3.47,0.72,0.49,3
378,Desmund,MacAllister,dmacallisterah@gov.uk,University of Kerala,3.96,0.74,0.6,1
379,Elie,MacShirrie,emacshirrieai@wsj.com,Louisiana State University Health Sciences Center New Orleans,3.27,0.86,0.82,0
380,Oralla,Aleswell,oaleswellaj@etsy.com,Polish-Japanese Institute of Information Technology in Warsaw,2.86,0.56,0.68,0
381,Henrieta,Gitthouse,hgitthouseak@fda.gov,Technological University (Kyaukse),3.2,0.86,0.75,4
382,Nalani,Westmoreland,nwestmorelandal@indiatimes.com,Ecole Spéciale des Travaux Publics du Bâtiment et de l'Industrie,3.28,0.7,0.6,1
383,Annalee,Bennison,abennisonam@chronoengine.com,Xinjiang Agriculture University,4.45,0.91,0.63,4
384,Dee dee,Kittle,dkittlean@tumblr.com,West Minster International College,3.4,0.73,0.72,1
385,Quintina,Dunseath,qdunseathao@globo.com,Fort Valley State College,3.73,0.62,0.65,1
386,Dael,McGlone,dmcgloneap@purevolume.com,Berhampur University,2.4,0.78,0.66,1
387,Gayler,Walthall,gwalthallaq@last.fm,Nigde University,2.98,0.68,0.73,3
388,Skippie,Syddon,ssyddonar@marketwatch.com,Sankei University,2.56,0.87,0.66,0
389,Darwin,Jeppe,djeppeas@nhs.uk,Hope College,2.97,0.82,0.69,2
390,Elane,Bestall,ebestallat@tuttocitta.it,Kawamura Gakuen Woman's University,2.01,0.96,0.83,0
391,Kenneth,Jimenez,kjimenezau@senate.gov,Universidad Católica de Santiago de Guayaquil,2.47,0.76,0.44,4
392,Gilligan,Overland,goverlandav@youtu.be,Women's University in Africa,2.78,0.77,0.59,0
393,Jamima,Donan,jdonanaw@reverbnation.com,Constantin Brancoveanu University Pitesti,3.1,0.7,0.72,4
394,Perice,Lavigne,plavigneax@virginia.edu,Ecole Normale Supérieure de Lyon,2.8,0.88,0.77,1
395,Erv,Eaddy,eeaddyay@ibm.com,Arid Agriculture University,3.14,0.83,0.56,1
396,Keri,Sonley,ksonleyaz@hc360.com,Seton Hall University,3.34,0.67,0.42,1
397,Franklyn,Chatain,fchatainb0@shutterfly.com,Universidade do Rio Grande,2.27,0.71,0.72,2
398,Ashleigh,Ayling,aaylingb1@economist.com,Escuela de Arquitectura y Diseño,3.14,0.81,0.56,3
399,Melvin,Getley,mgetleyb2@ocn.ne.jp,Universidade Fernando Pessoa,3.3,0.63,0.92,2
400,Frannie,Di Francesco,fdifrancescob3@fotki.com,Koshien University,3.43,0.79,0.6,2
401,Amelie,Whitington,awhitingtonb4@uol.com.br,Southwestern Christian University,3.4,0.87,0.63,2
402,Kirbee,Haller,khallerb5@census.gov,Odessa State Academy of Construction and Architecture,1.78,0.64,0.56,3
403,Donni,Sawford,dsawfordb6@prnewswire.com,Cyprus University of Technology,2.87,0.82,0.63,1
404,Kial,Sholem,ksholemb7@quantcast.com,University of Lodz,2.71,0.81,0.68,3
405,Mill,Noller,mnollerb8@godaddy.com,Tokyo Engineering University,2.75,0.73,0.72,2
406,Marwin,Springthorp,mspringthorpb9@businessweek.com,Hachinohe Institute of Technology,2.95,0.7,0.58,4
407,Rivy,Connue,rconnueba@eventbrite.com,Chengdu University of Technology,2.07,0.67,0.98,1
408,Bettine,McKeaveney,bmckeaveneybb@scientificamerican.com,Rizal Technological University,3.18,0.83,0.83,2
409,Esma,Graine,egrainebc@blogspot.com,Sri Lanka Institute of Advanced Technical Education,3.3,0.67,0.7,0
410,Manuel,Brandt,mbrandtbd@1und1.de,University of Silesia,3.57,0.77,0.46,0
411,Angie,Leversha,alevershabe@toplist.cz,Bluefield College,3.13,0.69,0.62,3
412,Odilia,Bewsey,obewseybf@un.org,Asia Europe University,3.5,0.71,0.55,1
413,Maisie,Blakelock,mblakelockbg@nba.com,Universidad Nacional del Sur,3.66,0.74,0.61,0
414,Marcos,Toxell,mtoxellbh@diigo.com,Kwangju University,2.67,0.48,0.8,3
415,Lisa,Vasilmanov,lvasilmanovbi@harvard.edu,Universitat de Barcelona,3.72,0.67,0.49,3
416,Maxine,Rennles,mrennlesbj@alexa.com,Technical University of Budapest,2.11,0.84,0.8,3
417,Teddi,Gilkison,tgilkisonbk@google.ru,State University of New York College at Oneonta,3.23,0.76,0.62,2
418,Amity,Galliford,agallifordbl@mtv.com,Madhya Pradesh Bhoj (Open) University,3.02,0.77,0.66,1
419,Malia,Boas,mboasbm@mlb.com,Ohio University - Chillicothe,2.51,0.62,0.34,2
420,Beauregard,Margaret,bmargaretbn@mlb.com,Universidad Madero,2.43,0.63,0.7,3
421,Janie,Blindmann,jblindmannbo@springer.com,University of Lapland,3.23,0.64,0.74,1
422,Violette,Tejero,vtejerobp@friendfeed.com,Universidade São Francisco,3.99,0.7,0.95,2
423,Noreen,Lopez,nlopezbq@shutterfly.com,Edinboro University of Pennsylvania,2.64,0.82,0.64,2
424,Suzie,Zorn,szornbr@wikispaces.com,"Washington State University, Tri-Cities",3.21,0.62,0.51,1
425,Gilemette,Radolf,gradolfbs@stanford.edu,University of South Bohemia,1.75,0.7,0.63,4
426,Hallsy,Marrable,hmarrablebt@de.vu,Lewis-Clark State College,2.73,0.82,0.4,1
427,Germain,Briance,gbriancebu@shinystat.com,Melaka Islamic University College,2.73,0.79,0.69,2
428,Francisca,Winridge,fwinridgebv@google.com.br,Luxun Academy of Fine Art,3.14,0.77,0.7,2
429,Dinnie,Antoniewski,dantoniewskibw@blog.com,Universidade Católica Dom Bosco,2.95,0.7,0.72,4
430,Ranna,Garforth,rgarforthbx@si.edu,"Preston University, Pakistan Campus",4.05,0.65,0.56,1
431,Caspar,Bedome,cbedomeby@state.gov,Université Chouaib Doukkali,2.8,0.9,0.6,4
432,Tillie,Attfield,tattfieldbz@ovh.net,Instituto Superior de Gestão - ISG,3.73,0.82,0.81,2
433,Eartha,Tomisch,etomischc0@simplemachines.org,National College for Medical and Technical Studies,2.53,0.74,0.72,0
434,Rachelle,Melloy,rmelloyc1@issuu.com,Université d'Alger,2.7,0.7,0.64,2
435,Lynelle,Hendin,lhendinc2@wisc.edu,Friedrich-Schiller Universität Jena,3.73,0.63,0.64,3
436,Sibel,Bohje,sbohjec3@cbsnews.com,Universidad de Ciego de Avila,2.77,0.8,0.56,1
437,Freida,McGaughie,fmcgaughiec4@wsj.com,Universitas Kediri,2.94,0.66,1.08,0
438,Garrott,Tuson,gtusonc5@engadget.com,South Texas College of Law,3.11,0.71,0.4,2
439,Joice,Roblett,jroblettc6@cdc.gov,Olabisi Onabanjo University ,2.83,0.67,0.72,3
440,Ede,Melton,emeltonc7@typepad.com,Regent International University,3.2,1.01,0.46,2
441,Adolpho,Lamyman,alamymanc8@ovh.net,Universidade Federal do Maranhão,2.56,0.6,0.82,3
442,Tony,Hoy,thoyc9@dailymail.co.uk,Hehai University,3.4,0.61,0.61,0
443,Winfred,Hearns,whearnsca@amazonaws.com,Universidad Central,2.54,0.71,0.61,3
444,Jessi,Dumbleton,jdumbletoncb@nyu.edu,Medical College of Ohio,2.66,0.69,0.8,0
445,Clary,MacInherney,cmacinherneycc@issuu.com,National Sports Academy Sofia,1.89,0.86,0.67,1
446,Torr,Bischoff,tbischoffcd@home.pl,University of Liberal Arts,3.78,0.85,0.64,4
447,Trumaine,Gerram,tgerramce@java.com,Luhansk Taras Shevchenko National Pedagogical University,2.61,0.88,0.65,3
448,Myles,Warlawe,mwarlawecf@hubpages.com,Mooreland University,1.95,0.57,0.39,2
449,Alfonse,Borless,aborlesscg@stumbleupon.com,Mountain State University,2.72,0.77,0.5,3
450,Olivie,Hanks,ohanksch@discovery.com,Fachhochschule Ingolstadt,2.88,0.8,0.43,4
451,Daffy,Sycamore,dsycamoreci@canalblog.com,Arab Academy for Science & Technology,4.24,0.76,0.39,2
452,Elaina,Pinkstone,epinkstonecj@china.com.cn,Shanghai TieDao University,2.62,0.85,0.82,2
453,Janela,Duddan,jduddanck@cnn.com,Universidad del Istmo,3.11,0.74,0.6,0
454,Minette,Rassmann,mrassmanncl@youku.com,Karunya Institute Of Technology ( Deemed University),2.89,0.69,0.78,4
455,Laurie,Bruggeman,lbruggemancm@apple.com,Universidad Técnica del Norte,3.54,0.72,0.81,0
456,Ginni,Deacock,gdeacockcn@netlog.com,The CTL Eurocollege,3.72,0.65,0.93,1
457,Oralle,Robet,orobetco@t.co,Centro Universitário Serra dos Órgãos,3.29,0.78,0.81,3
458,Linn,Dorking,ldorkingcp@comsenz.com,Tashkent University of Information Technologies,2.71,0.67,0.63,0
459,Nanni,Mountain,nmountaincq@dropbox.com,Xi'an Jiaotong University,3.66,0.73,0.72,0
460,Johnathan,Tubb,jtubbcr@squidoo.com,Catholic University of the Sacred Heart,2.73,0.75,0.52,2
461,Inigo,Cyster,icystercs@newyorker.com,Kamakura Women's College,3.59,0.83,0.43,2
462,Vance,Quemby,vquembyct@yolasite.com,University for Development Studies,3.3,0.64,0.73,0
463,Cori,Somerbell,csomerbellcu@latimes.com,Moscow State University of Commerce,2.8,0.72,0.87,0
464,Zilvia,Quinby,zquinbycv@e-recht24.de,Hamamatsu University School of Medicine,3.43,0.72,1.09,1
465,Lucy,Lumbley,llumbleycw@gnu.org,Kansas Wesleyan University,2.09,0.58,0.64,1
466,Muhammad,Rawlence,mrawlencecx@deviantart.com,Universität Köln,3.4,0.73,0.57,0
467,Kizzee,Moncarr,kmoncarrcy@tiny.cc,Ahvaz University of Medical Sciences,2.59,0.7,0.72,1
468,Stafani,Byron,sbyroncz@hibu.com,Bowie State University,3.07,0.74,0.47,0
469,Normy,Francesch,nfranceschd0@shutterfly.com,Moscow Technical University of Informatics and Communication,2.65,0.79,0.76,1
470,Rori,Giraudoux,rgiraudouxd1@dot.gov,International University Institute of Luxembourg,3.23,0.74,0.94,1
471,Alia,Boustred,aboustredd2@craigslist.org,"City University of New York, Lehman College",3.44,0.95,0.49,4
472,Cletus,Gorham,cgorhamd3@meetup.com,Universidad Nacional de Salta,3.72,0.81,0.61,3
473,Eb,Ormonde,eormonded4@phpbb.com,Universidad Albert Einstein,3.22,0.79,0.81,2
474,Obed,Cowlas,ocowlasd5@free.fr,Baker College of Flint,2.78,0.87,0.49,3
475,Charline,Kobpac,ckobpacd6@state.tx.us,University of Luxemburg,2.28,0.58,0.56,0
476,Misti,Darrel,mdarreld7@w3.org,Aikoku Gakuen University,3.24,0.82,0.5,2
477,Addison,Jedrzejewicz,ajedrzejewiczd8@youtube.com,American International College,3.88,0.78,0.39,0
478,Celine,Badcock,cbadcockd9@seesaa.net,St. Petersburg State University of Telecommunication,2.8,0.79,0.57,1
479,Ryan,d'Arcy,rdarcyda@bandcamp.com,Shri Mata Vaishno Devi University,3.47,0.74,0.55,2
480,Ichabod,Santorini,isantorinidb@symantec.com,Andrassy Gyula German Speaking University Budapest,2.6,0.66,0.64,3
481,Gustavus,Simmank,gsimmankdc@wikispaces.com,Hamamatsu University,3.64,0.71,0.87,1
482,Pacorro,Pley,ppleydd@eventbrite.com,Taj Institute of Higher Education,3.21,0.76,0.63,2
483,Rhianna,Toope,rtoopede@gov.uk,Universitas Negeri Manado,3.23,0.79,0.82,3
484,Adrianna,Beech,abeechdf@dell.com,Universidad de Mendoza,3.96,0.85,0.83,3
485,Charmine,Siaspinski,csiaspinskidg@discuz.net,Fundação Educacional de Ituverava,2.68,0.61,0.53,1
486,Guglielmo,Gorioli,ggoriolidh@vinaora.com,Universitas Sanata Dharma,3.59,0.75,0.43,2
487,Omar,Waggett,owaggettdi@cdc.gov,National College of Physical Education and Sports,2.97,0.69,0.66,4
488,Reagen,Methuen,rmethuendj@vistaprint.com,Glasgow Caledonian University,3.07,0.78,0.49,4
489,Caspar,McAusland,cmcauslanddk@youtube.com,Lithunian Academy of Music and Theatre,3.61,0.83,0.7,4
490,Kristoforo,Di Angelo,kdiangelodl@multiply.com,Ohio University - Zanesville,2.39,0.81,0.77,0
491,Benjamin,Sexcey,bsexceydm@apache.org,Merrimack College,3.43,0.66,0.63,1
492,Adler,Windus,awindusdn@slate.com,Xiangtan University,2.44,0.68,0.68,3
493,Sid,Ramsted,sramsteddo@mapy.cz,Agricultural University of Wroclaw,2.31,0.7,0.8,3
494,Vernon,Batte,vbattedp@hp.com,Komsomolsk-on-Amur State Technical University,3.56,0.69,0.53,2
495,Burnaby,McTerrelly,bmcterrellydq@ow.ly,Strayer University,3.77,0.69,0.95,4
496,Arluene,Avrashin,aavrashindr@spiegel.de,Zawiya Academy,3.61,0.59,0.58,3
497,Brooke,Peinton,bpeintonds@cdc.gov,University of Manchester,2.5,0.62,0.71,4
498,Noelyn,Mc Meekan,nmcmeekandt@yellowpages.com,Ecole Nationale Supérieure de Chimie de Paris,2.63,0.82,0.57,2
499,Carmita,Matveichev,cmatveichevdu@slideshare.net,Pan Africa Christian University,2.81,0.84,0.5,4
500,Brooks,Trengrove,btrengrovedv@elpais.com,Université de Biskra,2.94,0.68,0.79,4
501,Charmion,Conklin,cconklindw@opera.com,Fachhochschule Koblenz,2.5,0.64,0.52,1
502,Fancy,Bandey,fbandeydx@huffingtonpost.com,New Mexico State University,2.77,0.59,0.58,1
503,Freddy,Dominicacci,fdominicaccidy@deviantart.com,Universidad Católica del Norte,2.92,0.68,0.69,2
504,Nickie,Worthington,nworthingtondz@uiuc.edu,Majmaah University,3.47,0.67,0.63,0
505,Mackenzie,Ensten,menstene0@alexa.com,Université de Montpellier II,2.79,0.68,0.76,1
506,Albertina,Klima,aklimae1@joomla.org,Cleary College,3.26,0.91,0.72,3
507,Heindrick,Dottridge,hdottridgee2@google.com.au,Universidad Central,2.8,0.74,0.65,3
508,Benedikta,D'Ugo,bdugoe3@sphinn.com,Ecole Nationale d'Architecture,3.04,0.71,0.58,1
509,Sibley,Kienlein,skienleine4@sohu.com,Aristotle University of Thessaloniki,2.66,0.87,0.66,1
510,Tammara,Cardoo,tcardooe5@eepurl.com,Universidade Federal da Bahia,3.19,0.79,0.64,2
511,Skyler,Markson,smarksone6@issuu.com,Universidad Nacional de Educación Enrique Guzmán y Valle,2.89,0.73,0.6,0
512,Shandra,Borman,sbormane7@usda.gov,Universidade de Evora,3.28,0.7,0.72,3
513,Rafael,Blizard,rblizarde8@icio.us,Great Lakes University of Kisumu,3.42,0.96,0.8,1
514,Raff,Beckham,rbeckhame9@dyndns.org,Hebei Agricultural University,2.64,0.75,0.87,0
515,Angelita,Ortell,aortellea@example.com,Shinshu University,2.33,0.8,0.64,0
516,Brion,Gosnell,bgosnelleb@quantcast.com,St. Joseph College of Nursing,2.7,0.62,0.79,4
517,Prinz,Leither,pleitherec@ted.com,University of Foggia,3.8,0.73,0.57,4
518,Alfie,Thorn,athorned@apple.com,Black Hills State University,2.81,0.83,1.02,1
519,Gaspar,Kinnear,gkinnearee@ibm.com,Tsuda College,3.4,0.62,0.85,0
520,Tiffani,Whitelock,twhitelockef@cdc.gov,Masdar University Of Science And Technology,1.87,0.59,0.61,1
521,Lalo,Cardenas,lcardenaseg@discovery.com,St. Petersburg State Cinema and TV University,2.69,0.91,0.58,1
522,Niel,Pruvost,npruvosteh@salon.com,Tarlac State University,3.4,0.68,0.52,1
523,Myrlene,Malling,mmallingei@issuu.com,Universidad Particular Inca Garcilaso de la Vega,3.43,0.75,0.53,1
524,Magdalen,Retchford,mretchfordej@salon.com,Katholieke Universiteit Leuven,2.96,0.72,0.76,3
525,Liane,Van De Cappelle,lvandecappelleek@rediff.com,University of Nueva Caceres,2.71,0.86,0.92,0
526,Kevyn,Hindenburg,khindenburgel@comcast.net,University Politehnica of Bucharest,3.29,0.69,0.84,2
527,Kristofer,Britcher,kbritcherem@qq.com,Universidad de la Integración de las Americas (UNIDAD),2.51,0.65,0.75,1
528,Ethel,Yule,eyuleen@google.com.au,Reformed Church University,2.76,0.72,0.32,0
529,Silvester,Alenichicov,salenichicoveo@squarespace.com,Pennsylvania State University - Milton S.Hershey Medical Center,3.33,0.82,0.78,3
530,Maxi,Blissett,mblissettep@home.pl,Doane College,2.46,0.63,0.66,2
531,Lucille,Bearward,lbearwardeq@imageshack.us,Fujian Medical University,2.49,0.75,0.7,1
532,Mada,Conti,mcontier@mediafire.com,Sam Houston State University,3.61,0.77,0.78,1
533,Thalia,Baszniak,tbaszniakes@umn.edu,Kyushu International University,1.69,0.75,0.76,4
534,Gladys,Liddiatt,gliddiattet@biglobe.ne.jp,University of KwaZulu-Natal,3.16,0.71,0.46,0
535,Carmelia,Bahlmann,cbahlmanneu@google.com.hk,Vignan University,2.74,0.72,0.65,1
536,Cesare,Grattan,cgrattanev@ezinearticles.com,Madison University (Distance Education),2.3,0.76,0.74,3
537,Burg,Lynds,blyndsew@spiegel.de,Centro de Estudios Universitarios Xochicalco,3.07,0.78,0.55,3
538,Taber,Oliphard,toliphardex@reddit.com,Universidad del Cauca,3.67,0.84,0.47,3
539,Timofei,Anger,tangerey@apple.com,La Roche College,2.52,0.97,0.84,3
540,Elisabetta,Mourant,emourantez@cbc.ca,Shenyang Polytechnic University,2.9,0.72,0.66,4
541,Jory,Munday,jmundayf0@skype.com,Chongqing University of Communications,3.03,0.66,0.82,3
542,Amanda,Glossop,aglossopf1@accuweather.com,Universidad Nacional de La Pampa,2.35,0.77,0.66,1
543,Arvy,Groves,agrovesf2@sina.com.cn,Converse College,3.29,0.86,0.46,1
544,Brock,Prandini,bprandinif3@twitter.com,Universidad Hispanoamericana,3.51,0.81,0.72,0
545,Kelbee,Twallin,ktwallinf4@reddit.com,Indian University,3.46,0.67,0.42,2
546,Parrnell,Whelan,pwhelanf5@weibo.com,Kuala Terengganu City Polytechnic,3.5,0.72,0.44,0
547,Goldia,Laxston,glaxstonf6@t.co,Mulungushi University,3.28,0.56,0.59,3
548,Alexio,Keelan,akeelanf7@earthlink.net,Istanbul Kultur University,2.76,0.74,0.53,1
549,Ferne,Monkeman,fmonkemanf8@japanpost.jp,Universidad de Lima,3.44,0.62,0.79,1
550,Madelle,Roaf,mroaff9@smugmug.com,Irkutsk State Technical University,3.16,0.63,0.68,2
551,Jewel,Nizard,jnizardfa@usgs.gov,University of Bergamo,3.06,0.79,0.57,0
552,Omero,Stairmand,ostairmandfb@prlog.org,University College Bahrain,2.46,0.85,0.64,0
553,Manuel,Manilo,mmanilofc@mapy.cz,Universiti Teknologi Mara,2.55,0.63,0.54,1
554,Cinda,Rollin,crollinfd@taobao.com,Mofid University,2.61,0.84,0.55,1
555,Agace,Giovani,agiovanife@blogger.com,Duksung Women's University,3.07,0.68,0.61,1
556,Iormina,Haxell,ihaxellff@chicagotribune.com,University of Pennsylvania,2.28,0.69,0.91,2
557,Cookie,Readman,creadmanfg@mit.edu,University of Horticulture and Food Industry,3.16,0.75,0.95,4
558,Ruthe,Alderwick,ralderwickfh@bloglovin.com,National Military Academy of Afghanistan,3.33,0.64,0.76,1
559,Terry,Esgate,tesgatefi@mit.edu,Colorado State University-Pueblo,3.17,0.58,0.39,3
560,Effie,McGenn,emcgennfj@sfgate.com,Rusangu University,3.53,0.84,0.68,4
561,Lorne,Schusterl,lschusterlfk@jiathis.com,Hope International University,2.43,0.88,0.54,0
562,Shannon,Spaughton,sspaughtonfl@jugem.jp,University of Central Lancashire,2.65,0.48,0.67,2
563,Ella,Girodin,egirodinfm@delicious.com,Chatham College,2.85,0.79,0.62,1
564,Ambrosius,Sothern,asothernfn@ask.com,Escola Nautica Infante D. Henrique,3.25,0.65,0.43,3
565,Meggy,O'Toole,motoolefo@wikispaces.com,"Skyline University College, Sharjah",2.53,0.8,0.53,1
566,Regina,Giffard,rgiffardfp@hhs.gov,Holy Cross College,3.56,0.48,0.7,4
567,Donal,Truelock,dtruelockfq@naver.com,Tomsk State University,2.74,0.78,0.37,0
568,Ernesta,Mithan,emithanfr@epa.gov,Al Mamon University College,2.76,0.92,0.59,0
569,Shaylynn,Zorer,szorerfs@walmart.com,European University Cyprus,2.62,0.9,0.39,4
570,Anthony,Kittel,akittelft@ucoz.com,Odessa National Academy of Food Technologies,3.17,0.79,0.8,0
571,Odie,Hickisson,ohickissonfu@theglobeandmail.com,St. Louis University,3.44,0.66,0.4,3
572,Emilia,Linnell,elinnellfv@dell.com,William Mitchell College of Law,2.54,0.78,0.75,1
573,Eunice,Garrat,egarratfw@homestead.com,Universidad de Montemorelos,2.69,0.66,0.76,4
574,Crin,Cousens,ccousensfx@nifty.com,Catholic University of the Sacred Heart,3.25,0.69,0.65,2
575,Barty,Mealand,bmealandfy@shop-pro.jp,Kolej Universiti Insaniah,3.15,0.64,0.85,3
576,Faye,Druhan,fdruhanfz@oakley.com,University of Zürich,3.48,0.76,0.37,4
577,Cathleen,Hitzke,chitzkeg0@craigslist.org,University of National and World Economy,3.77,0.74,0.72,0
578,Pembroke,Biaggioli,pbiaggiolig1@statcounter.com,Aquinas College,3.23,0.63,0.68,4
579,Maddi,Baroc,mbarocg2@baidu.com,Universidad de Caldas,3.75,0.87,0.73,1
580,Gunther,Pagin,gpaging3@usgs.gov,Academy of Management and Entrepreneurship,1.8,0.71,0.41,2
581,Vivienne,Hackforth,vhackforthg4@blogs.com,"College of Science, Baghdad University",3.01,0.7,0.61,3
582,Monah,O'Dooghaine,modooghaineg5@cnet.com,"International University of Engineering, Moscow",3.0,0.7,0.91,3
583,Cybill,Brightman,cbrightmang6@pagesperso-orange.fr,King Fahad University of Petroleum and Minerals,3.52,0.85,0.63,1
584,Lorene,Dugget,lduggetg7@drupal.org,National University of Uzbekistan,2.83,0.74,0.88,1
585,Dore,Haughton,dhaughtong8@jiathis.com,Ludong University,2.93,0.76,0.84,1
586,Antonie,Merrywether,amerrywetherg9@vimeo.com,Taganrog State University of Radioengineering,2.66,0.56,0.51,4
587,Aprilette,Tuite,atuitega@liveinternet.ru,Universidad Ulises Francisco Espaillat,2.71,0.84,0.78,1
588,Silvano,Greiswood,sgreiswoodgb@privacy.gov.au,Muskingum College,3.5,0.55,0.61,4
589,Elizabeth,Arens,earensgc@exblog.jp,University of Liberia,3.6,0.94,0.57,1
590,Abbie,Dorkin,adorkingd@theguardian.com,Osaka International University for Women,3.7,0.84,0.61,3
591,Edy,Vasyukhnov,evasyukhnovge@intel.com,The Robert Gordon University,3.68,0.79,0.87,1
592,Holly-anne,Skettles,hskettlesgf@gravatar.com,EUCLID University,3.88,0.92,0.51,3
593,Carmela,McAndrew,cmcandrewgg@forbes.com,University of Anbar,3.22,0.58,0.72,4
594,Dorthea,Ferrini,dferrinigh@marketwatch.com,La Trobe University,2.72,0.79,0.65,4
595,Edlin,Rait,eraitgi@stanford.edu,Universiti Teknologi Malaysia,2.39,0.79,0.46,3
596,Edwin,Lammertz,elammertzgj@plala.or.jp,Visvesvaraya National Institute of Technology,3.51,0.78,0.59,2
597,Dehlia,Croley,dcroleygk@gnu.org,Hebei Academy of Fine Art,3.6,0.69,0.7,4
598,Daryl,Smitherham,dsmitherhamgl@cargocollective.com,Technological University (Kalay),2.72,0.81,0.59,4
599,Laurence,Smales,lsmalesgm@hugedomains.com,Azad Jammu and Kashmir University,3.28,0.74,0.6,2
600,Roslyn,Craxford,rcraxfordgn@etsy.com,Prempeh College,3.33,0.85,0.77,3
601,Jacques,Van der Kruijs,jvanderkruijsgo@latimes.com,China University of Mining Technology - Xuzhou,2.35,0.74,1.0,3
602,Zack,Middleweek,zmiddleweekgp@reuters.com,Alma College,2.78,0.77,0.56,1
603,Suzie,Gossington,sgossingtongq@patch.com,University of Calabria,2.99,0.86,0.73,3
604,Blinni,Drake,bdrakegr@squarespace.com,Novosibirsk State Academy of Economics and Mangement,3.01,0.58,0.54,1
605,Micah,Pierrepont,mpierrepontgs@over-blog.com,Universidade do Oeste de Santa Catarina,2.76,0.69,0.56,4
606,Cy,Berkeley,cberkeleygt@globo.com,Hiroshima Shudo University,2.91,0.74,0.88,2
607,Fran,Cello,fcellogu@studiopress.com,University Institute of Architecture Venice,2.03,0.67,0.76,1
608,Cy,Lavallin,clavallingv@qq.com,Universidad Francisco Gavidia,2.74,0.84,0.71,3
609,Morgan,Jacques,mjacquesgw@alexa.com,Ibaraki Christian College,2.84,0.73,0.56,2
610,Demeter,Cawsy,dcawsygx@yandex.ru,Southern Arkansas University,2.88,0.66,0.76,0
611,Charmion,Andrzejowski,candrzejowskigy@netscape.com,Technical University in Zvolen,3.32,0.57,0.34,2
612,Melantha,Gingold,mgingoldgz@admin.ch,Fairfield University,3.06,0.63,0.67,4
613,Sidoney,Mardle,smardleh0@bigcartel.com,Université Moulay Ismail Meknès,2.37,0.66,0.68,0
614,Mallory,Defty,mdeftyh1@ihg.com,Ashton College,2.46,1.01,0.65,0
615,Jermayne,Skillitt,jskillitth2@ca.gov,Xihua University,2.81,0.81,0.73,3
616,Malcolm,Cockarill,mcockarillh3@mashable.com,Universidad de León,2.64,0.89,0.82,0
617,Lazaro,Kennham,lkennhamh4@who.int,Ohio Valley College,3.38,0.94,0.64,1
618,Bessie,Martynov,bmartynovh5@dion.ne.jp,Davidson College,3.67,0.77,0.85,1
619,Ermentrude,Khidr,ekhidrh6@bloglines.com,Université de la Méditerranée (Aix Marseille II),3.45,0.79,0.59,2
620,Clement,Grassot,cgrassoth7@nationalgeographic.com,Chengdu University of Traditional Chinese Medicine,3.26,0.6,0.7,1
621,Bear,Allabarton,ballabartonh8@clickbank.net,Université de Batna,2.04,0.84,0.34,0
622,Denys,Spaule,dspauleh9@ameblo.jp,Ukrainian Medical Stomatological Academy,1.65,0.74,0.5,3
623,Noelani,Fettes,nfettesha@ox.ac.uk,Université de Rouen - Haute Normandie,2.54,0.81,0.67,1
624,Lemmie,Usherwood,lusherwoodhb@addthis.com,Université du Droit et de la Sante (Lille II),2.75,0.81,0.96,3
625,Coreen,Dorrian,cdorrianhc@mtv.com,Don State Agrarian University,2.99,0.65,0.5,3
626,Tove,Walczynski,twalczynskihd@netlog.com,Ecole Supérieure d'Informatique-Electronique-Automatique,3.74,0.82,0.81,1
627,Aldon,Prate,apratehe@java.com,Cihan University,3.36,0.7,0.67,4
628,Layla,Wagenen,lwagenenhf@icq.com,University of Tampere,2.09,0.89,0.65,1
629,Orlan,Simonitto,osimonittohg@goo.gl,Fayetteville State University,3.02,0.74,0.85,0
630,Elvyn,Le feuvre,elefeuvrehh@pagesperso-orange.fr,Stockholm School of Economics in Riga,2.66,0.73,0.71,0
631,Ki,Wickrath,kwickrathhi@statcounter.com,Université Panthéon-Assas (Paris II),3.11,0.73,0.56,0
632,Dalli,Grindlay,dgrindlayhj@cmu.edu,University of Naples Federico II,2.53,0.81,0.52,1
633,Alick,Stanistrete,astanistretehk@oakley.com,Pontificia Università della Santa Croce,3.96,0.71,0.23,0
634,Arron,Kubu,akubuhl@gizmodo.com,University of Essex,3.37,0.77,0.77,2
635,Nelson,Rielly,nriellyhm@dell.com,Khmelnitsky National University,2.78,0.63,0.38,0
636,Wilona,Gofton,wgoftonhn@illinois.edu,Tri-State University,3.08,0.72,0.77,0
637,Bridgette,Bounde,bboundeho@biglobe.ne.jp,Universidad Alas Peruanas,2.57,0.83,0.57,4
638,Clio,Tremellan,ctremellanhp@fda.gov,Galway Mayo Institute of Technology,2.68,0.72,0.87,2
639,Phyllida,Seignior,pseigniorhq@baidu.com,Al-Quds Open University,3.9,0.86,0.57,0
640,Nari,Gipp,ngipphr@mac.com,"California State University, Channel Islands",3.95,0.78,0.37,3
641,Rickie,McElwee,rmcelweehs@army.mil,Sripatum University,2.68,0.73,0.55,0
642,Ignatius,Garces,igarcesht@hp.com,Bashkir State Pedagogical University named After M. Akmullah,2.74,0.73,0.73,3
643,Hillie,Standage,hstandagehu@bigcartel.com,Southern Oregon University,2.75,0.83,0.51,2
644,Gertruda,McCutcheon,gmccutcheonhv@e-recht24.de,Mahatma Gandhi University Meghalaya ,2.86,0.85,0.63,0
645,Halie,Pavlov,hpavlovhw@php.net,European School of Economics,2.73,0.77,0.66,0
646,Dorise,Hebble,dhebblehx@cdc.gov,Hebrew University of Jerusalem,3.16,0.54,0.35,0
647,Judith,Martellini,jmartellinihy@dedecms.com,Universidad Católica de Santiago de Guayaquil,3.15,0.6,0.89,2
648,Adela,Watkiss,awatkisshz@indiegogo.com,Georgia Baptist College of Nursing,2.78,0.7,0.82,3
649,Lolita,Frobisher,lfrobisheri0@cocolog-nifty.com,"Arkansas State University, Beebe",2.86,0.62,0.7,2
650,Hymie,Slad,hsladi1@bing.com,Chongqing University of Post and Telecommunications,3.07,0.55,0.72,0
651,Monte,Chivers,mchiversi2@google.com.br,Bratsk State Technical University,2.56,0.87,0.79,2
652,Sophronia,Eglington,seglingtoni3@altervista.org,Universidad Interamericana de Puerto Rico,2.6,0.76,0.61,0
653,Evie,Chalke,echalkei4@tinypic.com,Nayanova University,3.27,0.56,0.89,0
654,Cori,Brenneke,cbrennekei5@zdnet.com,Northwestern University,2.1,0.67,0.62,0
655,Friedrick,Paoli,fpaolii6@eventbrite.com,Christopher Newport University,2.45,0.79,0.65,1
656,Cornelius,Newberry,cnewberryi7@storify.com,Kerman University of Medical Sciences,3.4,0.87,0.91,3
657,Gennie,Tabourier,gtabourieri8@senate.gov,University College Bahrain,2.65,0.76,0.85,1
658,Felita,Beevis,fbeevisi9@example.com,North-West State Technical University,3.11,0.72,0.85,0
659,Eloisa,Trazzi,etrazziia@oracle.com,Ahwaz Jondishapour University of Medical Sciences,2.54,0.73,0.62,0
660,Victor,Dannel,vdannelib@barnesandnoble.com,Asian Medical Institute,3.43,0.84,0.54,2
661,Claudian,Verrick,cverrickic@businessinsider.com,University of Maryland at College Park,3.29,0.67,0.63,0
662,Seka,McGirl,smcgirlid@goo.gl,Sheldon Jackson College,3.84,0.92,0.6,2
663,Stanton,Exposito,sexpositoie@aboutads.info,Universidade do Algarve,2.58,0.84,0.47,4
664,Coletta,Vogele,cvogeleif@youtube.com,New York University,2.91,0.78,0.56,3
665,Dill,Gepheart,dgepheartig@theguardian.com,Queens University,2.91,0.86,0.85,3
666,Cinda,Jeremiah,cjeremiahih@earthlink.net,Towson University,3.25,0.65,0.64,4
667,Israel,Whistance,iwhistanceii@tiny.cc,European Humanities University,3.41,0.56,0.77,0
668,Guss,Frantzen,gfrantzenij@canalblog.com,Beijing University of Aeronautics and Astronautics,3.43,0.79,0.43,0
669,Colas,Tinsley,ctinsleyik@oracle.com,Luzhou Medical College,2.4,0.92,0.54,3
670,Briant,Matuszak,bmatuszakil@acquirethisname.com,Tamil Nadu Dr. M.G.R. Medical University,2.64,0.59,0.37,4
671,Xylina,Salerno,xsalernoim@sohu.com,Aarhus Technical College,3.7,0.69,0.47,1
672,Florella,Ryle,frylein@theguardian.com,Institut Sains & Teknologi Akprind,2.41,0.67,0.69,0
673,Teador,Core,tcoreio@gmpg.org,Indian School of Mines (ISM),2.03,0.69,0.53,4
674,Lynette,Ollarenshaw,lollarenshawip@sphinn.com,Razi University,2.71,0.84,0.77,4
675,Licha,Dawidowitz,ldawidowitziq@zdnet.com,Academy of Arts,2.05,0.57,0.43,4
676,Ilene,Banat,ibanatir@nasa.gov,Università Bocconi,2.53,0.73,0.56,0
677,Delmer,Gallety,dgalletyis@shutterfly.com,University of Osteopathic Medicine and Health Science,2.88,0.76,0.3,2
678,Karlis,Shortland,kshortlandit@is.gd,Universidad Capitain General Gerardo Barrios,3.44,0.82,0.38,1
679,Kipp,Cowderoy,kcowderoyiu@reddit.com,University of Novi Sad,3.25,0.95,0.49,3
680,Beulah,Holligan,bholliganiv@pinterest.com,Nishinippon Institute of Technology,3.21,0.65,0.46,3
681,Tracy,Barthropp,tbarthroppiw@pinterest.com,Universidad Autónoma de Las Américas,3.69,0.58,0.68,1
682,Godart,Ells,gellsix@homestead.com,"Academy of Arts ""George Enescu"" Iasi",2.76,0.81,0.81,4
683,Callida,Amps,campsiy@blogspot.com,College of Computer Science in Lodz,3.01,0.87,0.86,1
684,Yehudit,Vanderplas,yvanderplasiz@europa.eu,Universidad Salesiana,3.19,0.71,0.65,3
685,Cloris,Elcombe,celcombej0@about.me,National Defence Medical College,3.63,0.4,0.74,0
686,Cathy,Boner,cbonerj1@home.pl,Jagiellonian University Cracow,2.59,0.8,0.69,0
687,Anatollo,Spatoni,aspatonij2@hatena.ne.jp,Koya University (Kurdistan Region),2.86,0.77,0.77,3
688,Kristal,Laterza,klaterzaj3@godaddy.com,Punjab Technical University,3.17,0.78,0.64,2
689,Dorthy,Kraut,dkrautj4@acquirethisname.com,Universidad Autónoma de Tamaulipas,3.64,0.76,0.53,3
690,Nita,Goaley,ngoaleyj5@economist.com,Elon College,2.52,0.72,0.81,4
691,Silas,Lotterington,slotteringtonj6@unesco.org,Odessa State Medical University,2.63,0.88,0.75,3
692,Ermengarde,Ead,eeadj7@reddit.com,Mindanao State University,3.4,0.75,0.85,4
693,Hayden,Van Hesteren,hvanhesterenj8@cpanel.net,Technische Universität Dresden,2.85,0.71,0.46,1
694,Denis,Bretherton,dbrethertonj9@sohu.com,Universidad Politécnica de Madrid,2.53,0.76,0.72,2
695,Josie,Waterfall,jwaterfallja@purevolume.com,Yangtze University,2.54,0.8,0.66,2
696,Lilah,Durnford,ldurnfordjb@mozilla.org,"Federal University of Technology, Akure",2.75,0.89,0.62,2
697,Ernest,Gonnel,egonneljc@npr.org,Amity University,3.93,0.67,0.53,0
698,Joya,Parsall,jparsalljd@nsw.gov.au,Lake Forest College,3.02,0.7,0.54,2
699,Abbe,Prettyjohn,aprettyjohnje@networkadvertising.org,Odessa National Academy of Food Technologies,2.07,0.61,0.62,1
700,Gasparo,Stirling,gstirlingjf@mtv.com,Karaganda State Buketov University,2.51,0.88,0.5,1
701,Nikolas,Routh,nrouthjg@cbslocal.com,Nara University of Commerce,3.54,0.81,0.55,0
702,Milton,Pryor,mpryorjh@meetup.com,Regis College,3.41,0.66,0.66,4
703,Joleen,Filipyev,jfilipyevji@europa.eu,"Swedish School of Economics and Business Administration, Finland",3.04,0.65,0.58,3
704,Salvador,Wilkison,swilkisonjj@ask.com,Kyungnam University,2.63,0.66,0.58,0
705,Martina,Bradder,mbradderjk@tinypic.com,Technical University of Kenya,2.98,0.6,0.4,4
706,Rozalin,Collop,rcollopjl@wired.com,Nippon Institute of Technology,3.07,0.77,0.41,3
707,Paddy,Giovanitti,pgiovanittijm@senate.gov,Universidad Simón Bolivar,2.94,0.83,0.44,1
708,Wallie,Staniland,wstanilandjn@multiply.com,Universität Leipzig,3.94,0.51,0.87,2
709,Agretha,Marsie,amarsiejo@theatlantic.com,Cardiff University,3.3,0.93,0.88,4
710,Aaron,Magrannell,amagrannelljp@linkedin.com,"School of Pharmacy, University of London",3.14,0.69,0.85,3
711,Quillan,Rospars,qrosparsjq@elegantthemes.com,Visvesvaraya National Institute of Technology,3.18,0.92,0.86,2
712,Elvyn,Studart,estudartjr@mapquest.com,Taejon National University of Technology,2.36,0.62,0.72,4
713,Peadar,McLice,pmclicejs@deviantart.com,Universität Vienna,2.56,0.76,0.39,4
714,Rebeca,Warhurst,rwarhurstjt@fastcompany.com,Instituto Politécnico de Viana do Castelo,3.16,0.68,0.84,3
715,Hally,Valentim,hvalentimju@aol.com,Universidad de Cantabria,4.22,0.88,0.76,3
716,Karena,Blaw,kblawjv@spiegel.de,European University Portugal,2.63,0.64,0.8,2
717,Sauncho,Bingham,sbinghamjw@youku.com,McKendree College,3.45,0.78,0.72,1
718,Udall,Carleman,ucarlemanjx@amazon.de,Saratov State University,3.42,0.8,0.43,4
719,Marten,Cahill,mcahilljy@howstuffworks.com,Shri Jagannath Sanskrit University,3.24,0.69,0.78,1
720,Cynthie,Zieme,cziemejz@nhs.uk,Jiwaji University,2.73,0.54,0.67,1
721,Mickie,MacChaell,mmacchaellk0@cam.ac.uk,Université Protestante au Congo,2.53,0.68,0.45,1
722,Freddy,Hallmark,fhallmarkk1@google.co.jp,Libera Università degli Studi di Scienze Umane e Tecnologiche,2.31,1.01,0.71,3
723,Adiana,Quinane,aquinanek2@java.com,Academy of the Ministry of Internal Affairs of the Republic of Belarus,3.56,0.78,0.67,1
724,Grete,Ratke,gratkek3@ucoz.ru,Deutsche Telekom Fachhochschule Leipzig,2.51,0.75,0.87,4
725,Cchaddie,Trewman,ctrewmank4@deviantart.com,Moscow State University of Technology (Stankin),3.18,0.67,0.67,1
726,Bax,Keenlayside,bkeenlaysidek5@walmart.com,Université Chouaib Doukkali,3.5,0.93,1.03,1
727,Eveleen,Killgus,ekillgusk6@squidoo.com,Conservatorio del Tolima,2.67,0.71,0.76,0
728,Christophe,Mauchlen,cmauchlenk7@spiegel.de,Salem College,3.51,0.63,0.69,1
729,Callie,Foulkes,cfoulkesk8@usatoday.com,Donau-Universität Krems,2.7,0.69,0.68,3
730,Maddi,Lazenbury,mlazenburyk9@sbwire.com,Universitas Ibn Chaldun Jakarta,3.06,0.83,0.57,4
731,Vonnie,Forgie,vforgieka@spiegel.de,Mahachulalongkorn Buddhist University,2.86,0.74,0.71,1
732,Ralf,Caccavale,rcaccavalekb@goo.ne.jp,Peru State College,2.94,0.79,0.82,3
733,Jandy,Standingford,jstandingfordkc@telegraph.co.uk,Universidad San Francisco Xavier de Chuquisaca,3.33,0.74,0.76,4
734,Thibaut,Verriour,tverriourkd@hostgator.com,Universitas Bojonegoro,3.23,0.8,0.6,2
735,Ellynn,Drexel,edrexelke@usatoday.com,Centennial College,2.35,0.65,0.74,2
736,Duncan,Ingham,dinghamkf@symantec.com,Guru Jambeshwar University,3.07,0.76,0.79,2
737,Cecilius,Witz,cwitzkg@last.fm,Université de Montpellier I,3.49,0.86,0.61,2
738,Julissa,Barehead,jbareheadkh@nba.com,University of Idaho,3.33,0.54,0.85,0
739,Lilyan,Kynnd,lkynndki@posterous.com,Water Resources University,3.37,0.86,0.65,2
740,Nickie,Penna,npennakj@t.co,Brigham Young University,2.31,0.7,0.68,1
741,Verna,Groven,vgrovenkk@ocn.ne.jp,Southwest Baptist University,1.96,0.64,0.53,4
742,Janean,Swidenbank,jswidenbankkl@nasa.gov,Universidade Estácio de Sá,3.09,0.84,0.67,1
743,Erin,Durbin,edurbinkm@clickbank.net,Liaocheng Teachers University,3.68,0.64,0.6,3
744,Freeman,Skryne,fskrynekn@ted.com,Alice-Salomon-Fachhochschule für Sozialarbeit und Sozialpädagogik Berlin,2.23,0.69,0.52,3
745,Pris,Matherson,pmathersonko@usda.gov,Université d'Etat d'Haiti,3.44,0.67,0.65,0
746,Lizbeth,Moen,lmoenkp@dmoz.org,Southern University - Shreveport,3.05,0.6,0.79,1
747,Derby,Fairman,dfairmankq@examiner.com,Universidad España de Durango,4.65,0.65,1.06,1
748,Keriann,Papen,kpapenkr@behance.net,Universidad Pedagógica Experimental Libertador,2.95,0.67,0.54,2
749,Eva,McAnellye,emcanellyeks@quantcast.com,City University,2.75,0.69,0.68,3
750,Filippo,Pentycost,fpentycostkt@msu.edu,University of Tampa,2.68,0.75,0.74,2
751,Nina,Mitchenson,nmitchensonku@dailymotion.com,Universidad Rey Juan Carlos,2.15,0.92,0.9,0
752,Corbin,Hendrick,chendrickkv@vk.com,Universidad de Deusto,2.36,0.96,0.42,3
753,Alice,McGahey,amcgaheykw@vk.com,Anadolu University,2.49,0.85,0.67,3
754,Delmor,Haller,dhallerkx@com.com,Kendall College,4.14,0.67,0.22,1
755,Auroora,Sor,asorky@forbes.com,Kyoto Sangyo University,2.55,0.62,0.58,2
756,Hillary,Hordell,hhordellkz@is.gd,"Fairleigh Dickinson University, Florham-Madison Campus",2.92,0.83,0.65,1
757,Ophelia,Vaugham,ovaughaml0@geocities.com,Ibn Sina University,3.32,0.71,0.53,3
758,Meir,Emanuel,memanuell1@gov.uk,Rajarata University of Sri Lanka,3.79,0.83,0.75,2
759,Sawyere,Tolworthy,stolworthyl2@cbslocal.com,University of Thessaly,3.43,0.88,0.79,1
760,Sascha,Borge,sborgel3@theguardian.com,Warsaw School of Social Psychology,1.87,0.73,0.73,3
761,Mickie,Senyard,msenyardl4@istockphoto.com,Bryant University,3.64,0.87,0.84,1
762,Mal,Sterke,msterkel5@ebay.com,Stavropol State Technical University,2.91,0.86,0.63,3
763,Jabez,Kerwen,jkerwenl6@walmart.com,Bangladesh Open University,2.75,0.89,0.72,2
764,Farlee,Schroder,fschroderl7@cnn.com,American University of the Caribbean,2.07,0.75,0.86,3
765,Maison,Stanlack,mstanlackl8@paypal.com,Université de Mostaganem,3.33,0.78,0.54,4
766,Berny,Skewis,bskewisl9@redcross.org,University of Ulster,2.89,0.73,0.74,2
767,Myles,Gallemore,mgallemorela@cdbaby.com,University of Insubria,2.59,0.68,0.63,1
768,Taite,Fussey,tfusseylb@foxnews.com,Universidade Federal de Lavras,2.98,0.74,0.74,4
769,Oby,Merrywether,omerrywetherlc@exblog.jp,Benedictine University,3.7,0.65,0.68,4
770,Honoria,Bartrum,hbartrumld@google.co.jp,Talladega College,2.67,0.73,0.66,1
771,Ana,Pol,apolle@blogger.com,Technical University of Lublin,3.33,0.53,0.46,3
772,Jesselyn,Landrick,jlandricklf@behance.net,Ivanovo State Power University,3.19,0.68,0.92,3
773,Orelia,McVrone,omcvronelg@1688.com,Philadelphia College of Bible,2.65,0.77,0.7,4
774,Chelsae,Minchell,cminchelllh@ca.gov,University of Forestry Sofia,2.76,0.87,0.62,4
775,Gretta,Boggish,gboggishli@blogspot.com,Taoist College Singapore,2.75,0.74,0.51,3
776,Ninetta,Garbott,ngarbottlj@wix.com,Universidad Nacional de Guinea Ecuatorial,3.03,0.67,0.59,0
777,Isabelita,Watkin,iwatkinlk@amazon.de,Universidad de La Frontera,2.25,0.87,0.56,3
778,Kyla,Worsley,kworsleyll@yellowbook.com,East-Siberian State University of Technology,2.75,0.79,0.64,3
779,Cyrill,Belloch,cbellochlm@about.me,University of Wamia and Masuria in Olsztyn,3.17,0.5,0.55,0
780,Rayshell,Fosher,rfosherln@chronoengine.com,Webster University Geneva,3.2,0.78,0.84,0
781,Dannye,Whanstall,dwhanstalllo@gov.uk,Government College University Lahore,2.82,0.79,0.47,2
782,Pavel,Gillooly,pgilloolylp@cdc.gov,Dakota State University,3.34,0.75,0.64,3
783,Mariel,Cosgreave,mcosgreavelq@springer.com,Nippon Medical School,2.72,0.81,0.43,4
784,Phillis,Stallard,pstallardlr@epa.gov,National Technical University (Kharkiv Polytechnical Institute),2.43,0.7,0.8,3
785,Jodi,Flegg,jfleggls@friendfeed.com,Fachhochschule Dortmund,2.57,0.7,0.7,3
786,Gus,Frith,gfrithlt@live.com,Kaunas Medical Academy,3.06,0.59,0.62,0
787,Halli,Neve,hnevelu@reddit.com,Virginia Military Institute,2.32,0.76,0.8,0
788,Ilene,Kuhne,ikuhnelv@nydailynews.com,Tri-College University,2.27,0.74,0.8,0
789,Eda,Dewis,edewislw@unc.edu,Higher School of University and Advanced Studies Pisa,2.34,0.84,0.41,1
790,Obidiah,Rumble,orumblelx@newsvine.com,Mustafa International University,2.94,0.97,0.9,2
791,Griswold,Warby,gwarbyly@scribd.com,"Islamic Azad University, Central Tehran Branch",4.29,0.9,0.62,0
792,Gregorio,Wilson,gwilsonlz@google.ca,Aleksander Zelwerowicz State Theatre Academy,2.69,0.65,0.68,1
793,Celesta,Luton,clutonm0@newyorker.com,College for Financial Planning,2.69,0.8,0.67,3
794,Colby,Pennazzi,cpennazzim1@miibeian.gov.cn,Southern University - Shreveport,3.16,0.72,0.83,0
795,Giuseppe,Widdall,gwiddallm2@xrea.com,Modern Acadmy,3.31,0.98,0.46,2
796,Opalina,Thorwarth,othorwarthm3@soundcloud.com,Mount Senario College,2.72,0.92,0.58,0
797,Milton,Titcom,mtitcomm4@zdnet.com,Universidad Hispanoamericana,2.37,0.6,0.89,1
798,Judy,Belleny,jbellenym5@issuu.com,Victoria University of Wellington,2.97,0.58,0.66,0
799,Etta,Antoons,eantoonsm6@si.edu,Mount Kenya University,3.1,0.76,0.65,4
800,Aurelia,Ducket,aducketm7@google.it,Yugra State University,2.78,0.8,0.65,3
801,Margret,Shevlin,mshevlinm8@ed.gov,Aarhus Technical College,2.84,0.72,0.52,3
802,Marlin,Pickard,mpickardm9@paypal.com,Soka University,3.15,0.77,0.7,3
803,Gabriel,Dolligon,gdolligonma@abc.net.au,Hogeschool Utrecht,3.11,0.85,0.71,1
804,Worden,Lenormand,wlenormandmb@mozilla.org,Sabzevar School of Medical Sciences,3.37,0.8,0.66,4
805,Caroline,Tansill,ctansillmc@drupal.org,"Embry Riddle Aeronautical University, Prescott",2.65,0.64,0.58,2
806,Simeon,Agglione,sagglionemd@umich.edu,Madhya Pradesh Bhoj (Open) University,2.79,0.74,0.6,3
807,Rosalynd,Arsmith,rarsmithme@bravesites.com,Universidad de Gerona,2.16,0.81,0.67,3
808,Lek,Tulloch,ltullochmf@qq.com,University of Bridgeport,3.14,0.7,0.95,4
809,Conant,Cucuzza,ccucuzzamg@yellowbook.com,Umm Al-Qura University,2.86,0.88,0.7,1
810,Lorrie,Chadbourne,lchadbournemh@un.org,Iasar University,3.25,0.87,0.92,0
811,Arlyn,Moden,amodenmi@wikia.com,Universidade Tecnica de Angola,3.32,0.96,0.59,0
812,Paolina,Privett,pprivettmj@seesaa.net,Toyama University,2.77,0.73,0.83,2
813,Jamal,Cathrall,jcathrallmk@acquirethisname.com,Framingham State College,2.81,0.67,0.64,1
814,Desi,Oaten,doatenml@oakley.com,Ecole des Hautes Etudes Commerciales du Nord,2.23,0.93,0.62,2
815,Clarinda,Farraway,cfarrawaymm@elpais.com,Université de Gabès,3.68,0.67,0.45,2
816,Chas,Kilborn,ckilbornmn@booking.com,Kirkwood Community College,3.0,0.89,0.42,3
817,Tabbi,Avramovsky,tavramovskymo@zimbio.com,Moi University,3.58,0.95,0.61,2
818,Joya,Mufford,jmuffordmp@wiley.com,"Benedictine University, Springfield College in Illinois",3.48,0.95,0.6,0
819,Wandie,Lillyman,wlillymanmq@rakuten.co.jp,Tokyo University of Agriculture and Technology,4.34,0.88,0.6,1
820,Ronnica,Kinforth,rkinforthmr@china.com.cn,University Tun Abdul Razak,3.62,0.94,0.53,1
821,Trescha,Proughten,tproughtenms@sbwire.com,Hartford College for Women,3.11,0.51,0.53,2
822,Sutton,Smythe,ssmythemt@admin.ch,Politécnico de Guanajuato,2.85,0.91,0.52,3
823,Paulie,Robins,probinsmu@pinterest.com,Police Academy of Latvia,3.54,0.74,0.98,3
824,Alissa,McLernon,amclernonmv@blogspot.com,Ecole Supérieure de Commerce de Brest,2.81,0.91,0.63,1
825,Blair,Burberry,bburberrymw@exblog.jp,Universidad Tecnológica de Panamá,3.21,0.81,0.64,4
826,Heall,Pittendreigh,hpittendreighmx@alibaba.com,"Music Academy ""Karol Lipinski"" in Wroclaw",2.95,0.79,0.47,0
827,Conn,Took,ctookmy@ocn.ne.jp,Maryam Institute of Higher Education,2.88,0.7,0.53,0
828,Janel,Plenty,jplentymz@bluehost.com,"Universidad ""Juan Agustín Maza""",2.41,0.75,0.65,4
829,Sharyl,Dunlap,sdunlapn0@home.pl,Universidade Lusíada de Angola,2.66,0.55,0.47,2
830,Zonda,Lindborg,zlindborgn1@narod.ru,Columbia International University,3.72,0.95,0.46,0
831,Meier,Limbrick,mlimbrickn2@indiegogo.com,European Open University,2.99,0.83,0.76,4
832,Barbara-anne,Pittock,bpittockn3@wired.com,Barber-Scotia College,2.74,0.73,0.61,0
833,Lucy,Mattusov,lmattusovn4@weibo.com,Postgraduate lnstitute of Medical Education and Research,4.04,0.49,0.62,4
834,Shel,Benford,sbenfordn5@wired.com,Université Catholique de Lyon,3.38,0.89,0.83,0
835,Tam,Lovie,tlovien6@constantcontact.com,Winona State University,3.0,0.56,0.67,0
836,Gerhardine,Garlick,ggarlickn7@desdev.cn,Ryutsu Keizai University,4.02,0.62,0.72,0
837,Tabby,Mockes,tmockesn8@mlb.com,Universidade Católica de Brasília,3.53,0.67,0.41,4
838,Haily,Whalebelly,hwhalebellyn9@accuweather.com,Abant Izzet Baysal University,3.19,0.61,0.68,0
839,Harv,Poundford,hpoundfordna@europa.eu,Yangtze Normal University,3.43,0.71,0.72,4
840,Annora,Dominique,adominiquenb@businesswire.com,Tokyo College of Music,3.29,0.85,0.54,1
841,Karol,Millthorpe,kmillthorpenc@friendfeed.com,Koka Women's College,3.04,0.81,0.89,2
842,Mead,Hinemoor,mhinemoornd@weather.com,Life Chiropractic College West,3.51,0.7,0.7,1
843,Umberto,Berzen,uberzenne@theglobeandmail.com,Guru Gobind Singh Indraprastha University,4.0,0.87,0.55,3
844,Parke,Snoddin,psnoddinnf@oracle.com,Perlis Islamic Higher Learning Institute,2.98,0.71,0.79,4
845,Patrick,Godehard.sf,pgodehardsfng@hubpages.com,Sathyabama University,2.92,0.62,0.57,1
846,Deerdre,Piddle,dpiddlenh@over-blog.com,Burjat State University,2.5,0.79,0.72,4
847,Gerick,Box,gboxni@quantcast.com,Royal Academy of Music,2.5,0.78,0.42,3
848,Kelly,Foulis,kfoulisnj@arizona.edu,Universidad del Turismo,2.65,0.83,0.51,0
849,Phillis,Rambaut,prambautnk@w3.org,Baker College of Auburn Hills,3.48,0.8,0.56,2
850,Noreen,Belliard,nbelliardnl@hud.gov,Polonia University in Czêstochowa,3.32,0.87,0.87,3
851,Rosetta,Sapsed,rsapsednm@flickr.com,Clarkson College,2.71,0.77,0.94,1
852,Shirlene,Spurdon,sspurdonnn@weibo.com,Ilam University of Medical Sciences,3.33,0.75,0.69,3
853,Alayne,Wharfe,awharfeno@uiuc.edu,Uttar Pradesh Technical University,2.67,0.94,0.56,2
854,Larine,Buret,lburetnp@oracle.com,"Institute of Classical Studies, University of London",3.01,0.84,0.59,2
855,Kasper,Chicken,kchickennq@berkeley.edu,Southwestern University,3.47,0.7,0.41,3
856,Leonid,Geggus,lgeggusnr@live.com,University of Chittagong,2.09,0.75,0.73,1
857,Candie,Grundwater,cgrundwaterns@blogs.com,The Tulane University of New Orleans,3.01,0.69,0.77,2
858,Josefina,Grinter,jgrinternt@wiley.com,Coker College,3.18,0.64,0.68,1
859,Ichabod,Swayte,iswaytenu@about.com,Rana Institute of Higher Education,2.91,0.88,0.41,1
860,Archibaldo,Ogles,aoglesnv@about.com,Kochi University of Technology,2.27,0.81,0.7,4
861,Dorry,Mallison,dmallisonnw@ifeng.com,Universitas Kristen Krida Wacana,3.03,0.92,0.56,2
862,Karmen,Twelvetree,ktwelvetreenx@soup.io,Universitas Jenderal Achmad Yani,2.5,0.64,0.7,2
863,Evangeline,Mickan,emickanny@bandcamp.com,University of New Hampshire,3.22,0.74,0.64,0
864,Delores,Repper,dreppernz@nytimes.com,University of Lecce,3.3,0.83,0.54,1
865,Hannie,Glanvill,hglanvillo0@dell.com,Kogi State University,2.82,0.82,0.63,2
866,Meridith,Passfield,mpassfieldo1@squidoo.com,Tomsk State University of Control Systems and Radioelectronics,2.42,0.81,0.54,0
867,Ynes,Sewell,ysewello2@newyorker.com,Sichuan Normal University,3.9,0.7,0.82,1
868,Jocelyn,Behnke,jbehnkeo3@umn.edu,Universidad Cuauhtémoc,2.6,0.75,0.65,4
869,Bucky,Jayes,bjayeso4@deliciousdays.com,The College of The Bahamas,2.73,0.68,0.38,4
870,Hardy,Cominotti,hcominottio5@abc.net.au,Free University of Tbilisi,2.83,0.65,0.57,3
871,Jeremias,Impey,jimpeyo6@nsw.gov.au,Ecole Nationale Supérieur des Ingénieur des Etudes et Techniques d'Armement,3.53,0.77,0.74,0
872,Parker,Carp,pcarpo7@reuters.com,Universiti Darul Iman,1.41,0.81,0.71,4
873,Dicky,Micklewright,dmicklewrighto8@biblegateway.com,Langara College,1.58,0.83,0.64,3
874,Henderson,Maddrah,hmaddraho9@yale.edu,"Universidad Tecnologica ""Vicente Perez Rosales""",3.1,0.78,0.73,4
875,Charissa,Rhoades,crhoadesoa@diigo.com,"Islamic Azad University, Ahar",3.07,0.67,0.83,4
876,Burg,Kiljan,bkiljanob@elegantthemes.com,Ghana Telecom University College,2.91,0.74,0.62,2
877,Tiffany,Iacobetto,tiacobettooc@examiner.com,Universitas Muria Kudus,2.88,0.96,0.48,3
878,Sandra,Highman,shighmanod@nationalgeographic.com,Sage Graduate School,3.15,0.53,0.78,3
879,Alexis,Kuhnke,akuhnkeoe@nba.com,Technological Education Institute of Kalamata,3.33,0.67,0.62,3
880,Florida,Orrocks,forrocksof@tamu.edu,Universidad Nacional de Misiones,2.15,0.88,0.68,2
881,Rozalin,Readwood,rreadwoodog@who.int,I.M. Sechenov Moscow Medical Academy,3.17,0.85,0.27,3
882,Jillayne,Whyborn,jwhybornoh@yolasite.com,Divine Word College of Legazpi,2.72,0.93,0.96,1
883,Darby,Pinckney,dpinckneyoi@marriott.com,Texas Chiropractic College,3.39,0.71,0.43,0
884,Julianna,Filppetti,jfilppettioj@omniture.com,King Mongkut's University of Technology North Bangkok,2.7,0.7,0.5,1
885,Nannette,Tresise,ntresiseok@about.com,Changwon National University,2.7,0.7,0.78,2
886,Griffin,Everett,geverettol@usgs.gov,West Pomeranian Business School in Szczecin,2.55,0.64,0.47,0
887,Damien,Weavers,dweaversom@patch.com,Azerbaijan Technology University,3.47,0.71,0.61,2
888,Johannah,Raffels,jraffelson@t-online.de,University of New Hampshire,2.1,0.79,0.59,1
889,Rickard,Skeats,rskeatsoo@telegraph.co.uk,Universidad de La Frontera,3.38,0.68,0.82,0
890,Claribel,Paliser,cpaliserop@dailymotion.com,University of Milan - Bicocca,2.99,0.75,0.56,2
891,Cynthia,Rahl,crahloq@nationalgeographic.com,Prague College,3.21,0.71,0.52,3
892,Gerhardt,Spriggen,gspriggenor@discuz.net,Institut Teknologi Adhi Tama Surabaya,2.88,0.87,0.61,2
893,Charmane,Cramond,ccramondos@netlog.com,Université d'Avignon,2.5,0.76,0.94,0
894,Corey,Burgill,cburgillot@indiatimes.com,COSMIQ Institute of Technology,3.29,0.72,0.42,0
895,Kingston,Woodburn,kwoodburnou@istockphoto.com,"Institute of Teachers Education, Dato' Razali Ismail ",2.31,0.67,0.57,1
896,Karlotta,Rainon,krainonov@facebook.com,Technological University (Dawei),2.96,0.85,0.57,2
897,Louis,Stanesby,lstanesbyow@tumblr.com,St. Luke' s College of Nursing,3.61,0.73,0.82,1
898,Allen,Broxton,abroxtonox@cyberchimps.com,Inchon University,3.44,0.75,0.78,3
899,Valeda,Andreucci,vandreuccioy@geocities.com,Cape Coast Polytechnic ,3.66,0.6,0.44,0
900,Ram,Cowl,rcowloz@nbcnews.com,Prague International University,2.97,0.73,0.98,0
901,Lissy,Everist,leveristp0@salon.com,Saxion Universities ,2.04,0.74,0.7,4
902,Remington,Skpsey,rskpseyp1@narod.ru,University of Manchester,3.03,0.69,0.71,3
903,Damian,Lammers,dlammersp2@weebly.com,Pontificia Universidad Católica del Perú,2.93,0.67,0.4,3
904,Linea,Scarlon,lscarlonp3@t.co,Keuka College,2.99,0.74,0.75,1
905,Joela,Teml,jtemlp4@hostgator.com,Fachhochschule Burgenland,1.89,0.9,0.75,2
906,Alecia,Presslee,apressleep5@wikimedia.org,Universidad de Hermosillo,3.05,0.79,0.85,3
907,Kacy,Cromett,kcromettp6@sogou.com,Université de Rouen - Haute Normandie,2.88,0.79,0.72,4
908,Ninette,Swinden,nswindenp7@ft.com,Ecole des Ingénieurs de la Ville de Paris,2.35,0.66,0.61,1
909,Emelen,Clooney,eclooneyp8@example.com,Colgate University,3.03,0.83,0.58,3
910,Patin,Rushby,prushbyp9@weather.com,University of Plymouth,2.33,0.9,0.94,4
911,Claudell,Blune,cblunepa@army.mil,Sardar Vallabhai Patel University of Agriculture Amd Technology,2.35,0.69,0.53,4
912,Marylinda,Malyon,mmalyonpb@com.com,Universidad Jóse Vasconcelos,2.49,0.64,0.45,2
913,Becka,Ritmeier,britmeierpc@odnoklassniki.ru,Latvian Academy of Sports Education,3.38,0.88,0.54,2
914,Lucky,McCluin,lmccluinpd@unc.edu,Guilan University of Medical Sciences,3.63,0.76,1.03,1
915,Deborah,Fleckney,dfleckneype@hubpages.com,University of Peradeniya,3.39,0.69,0.68,4
916,Dieter,Drackford,ddrackfordpf@answers.com,"Fachhochschule Stuttgart, Hochschule für Technik",2.86,0.52,0.56,1
917,Nataline,MacEntee,nmacenteepg@engadget.com,Technological University (Kyaukse),3.42,0.69,0.78,3
918,Lucita,Fann,lfannph@dedecms.com,Nigerian Turkish Nile University,3.09,0.71,0.65,0
919,Izabel,Tee,iteepi@shareasale.com,National Cheng Kung University,3.33,0.76,0.63,3
920,Quintilla,Platt,qplattpj@zimbio.com,Persian Gulf University,3.24,0.62,0.55,1
921,Shelly,Wiltshier,swiltshierpk@wufoo.com,Mahatma Gandhi University Meghalaya ,2.38,0.56,0.47,0
922,Hurleigh,Stichall,hstichallpl@ycombinator.com,New Jersey City University,2.99,0.85,0.66,1
923,Marlow,Margerrison,mmargerrisonpm@soundcloud.com,Rockhurst College,3.06,0.84,0.79,1
924,Dore,Hallowell,dhallowellpn@ning.com,International University of Health and Welfare,3.58,0.83,0.69,1
925,Bird,Kahane,bkahanepo@instagram.com,University of Kota,3.34,0.72,0.23,3
926,Salli,Kestell,skestellpp@bluehost.com,Bauder College,3.15,0.58,0.69,3
927,Haven,Gilby,hgilbypq@wp.com,Coastal Carolina University,3.21,0.75,0.68,2
928,Augustine,Varah,avarahpr@xrea.com,Josai International University,2.86,0.58,0.98,4
929,Carmine,Maddrell,cmaddrellps@nyu.edu,Ecole Supérieure des Sciences Economiques et Commerciales,3.1,0.74,0.56,1
930,Dotti,Bladge,dbladgept@vinaora.com,Chukyo University,4.18,0.67,0.51,4
931,Kalindi,Exroll,kexrollpu@chron.com,Alain University of Science and Technology,2.45,0.67,0.88,2
932,Ansel,Le land,alelandpv@jalbum.net,Quincy University,3.88,0.74,0.49,4
933,Britt,Omond,bomondpw@rakuten.co.jp,Berea College,3.64,0.81,0.6,3
934,Roshelle,Chimienti,rchimientipx@blogtalkradio.com,Tokyo Medical College,2.46,0.43,0.81,1
935,Lorianne,Medland,lmedlandpy@indiegogo.com,Agricultural University of Szczecin,2.9,0.77,0.54,0
936,Stanislas,Minerdo,sminerdopz@addthis.com,Universidad Americana,3.59,0.66,0.64,0
937,Harri,Bosence,hbosenceq0@cnet.com,Northwestern State University of Louisiana,3.19,0.81,0.75,2
938,Danny,Ebsworth,debsworthq1@sphinn.com,Medizinische Universität Innsbruck,2.45,1.04,1.01,3
939,Tomasine,Orwin,torwinq2@msn.com,Trinity International University,2.88,0.6,0.6,0
940,Sara,Woolgar,swoolgarq3@over-blog.com,"University of California, Berkeley",3.17,0.85,0.52,0
941,Kimberley,Burcher,kburcherq4@discuz.net,Kenya Methodist University,3.11,0.72,0.55,0
942,Page,Massot,pmassotq5@microsoft.com,Universidad de las Américas,3.45,0.74,0.4,3
943,Chlo,Vidloc,cvidlocq6@gravatar.com,State University of New York College at Brockport,3.04,0.79,0.74,2
944,Wilow,Sill,wsillq7@dedecms.com,Volga State Academy of Water Transport,2.8,0.74,0.47,0
945,Agatha,Lloyd-Williams,alloydwilliamsq8@studiopress.com,Pacific International College,2.98,0.82,0.51,3
946,Mellicent,O'Noland,monolandq9@boston.com,Connecticut College,3.78,0.75,0.72,2
947,Morton,Bleackly,mbleacklyqa@devhub.com,Technische Fachhochschule Wildau,2.73,0.78,0.66,4
948,Claire,Guys,cguysqb@storify.com,Mount Senario College,3.72,0.7,0.34,1
949,Dennie,Ivchenko,divchenkoqc@histats.com,Enugu State University of Science and Technology,1.86,0.74,0.41,3
950,Terencio,Rogerson,trogersonqd@twitter.com,American University in Bulgaria,2.99,0.67,0.58,2
951,Killie,Lowensohn,klowensohnqe@odnoklassniki.ru,Reformed Church University,3.41,0.64,0.69,3
952,Cherlyn,Rayburn,crayburnqf@icio.us,Iraq University College,2.57,0.72,0.65,4
953,Ivar,Magnus,imagnusqg@facebook.com,Universidad del Bío-Bío,2.34,0.82,0.68,2
954,Willy,Josephson,wjosephsonqh@ucsd.edu,Universiti Teknologi Malaysia,3.15,0.72,0.77,1
955,Barbra,Berntsson,bberntssonqi@typepad.com,Saga Medical School,3.44,0.85,0.67,1
956,Marilee,Natalie,mnatalieqj@tmall.com,"Troy University, Phenix City",2.86,0.7,0.87,0
957,Josiah,Liverseege,jliverseegeqk@tripadvisor.com,Universidad Nacional Siglo XX Llallagua,3.27,0.78,0.67,4
958,Cherise,Benfell,cbenfellql@webmd.com,Hahnamann Honoeopathic Medical College,3.05,0.84,0.95,1
959,Elvin,Sibbson,esibbsonqm@spiegel.de,Hanoi University of Science & Technology,2.5,0.76,0.65,2
960,Joan,Blunt,jbluntqn@jimdo.com,Islamic University of Medinah,2.56,0.74,0.74,1
961,Eduard,Cressingham,ecressinghamqo@npr.org,Université de Metz,2.91,0.73,1.01,0
962,Raffarty,Gartell,rgartellqp@reddit.com,Nangarhar University,2.88,0.71,0.74,3
963,Rainer,Sibbald,rsibbaldqq@gizmodo.com,Antioch University,2.81,0.74,0.82,4
964,Avram,Janodet,ajanodetqr@hp.com,Sebatian Kolowa University College,3.05,0.82,0.46,2
965,Creight,Potell,cpotellqs@abc.net.au,Bamiyan University,3.68,0.96,0.57,0
966,Hugh,Glasby,hglasbyqt@indiatimes.com,Aarhus University,2.65,0.68,0.49,0
967,Butch,Darlasson,bdarlassonqu@reddit.com,Providence University,3.31,0.8,0.43,2
968,Harry,Stevings,hstevingsqv@mashable.com,Embry-Riddle Aeronautical University,3.2,0.73,0.7,1
969,Emmalynne,Bursnoll,ebursnollqw@nhs.uk,Valley View University,2.39,0.81,0.6,4
970,Lolita,Mullarkey,lmullarkeyqx@salon.com,University of Oregon,2.84,0.79,0.65,1
971,Cherey,Lebrun,clebrunqy@dedecms.com,Polytechnical University of Kabul,3.05,0.78,0.57,1
972,Gustavo,Sumbler,gsumblerqz@senate.gov,Mongolian State University of Arts and Culture,3.67,0.75,0.45,0
973,Sarine,Westman,swestmanr0@latimes.com,University of Baltimore,2.27,0.94,0.49,3
974,Hoebart,Verlander,hverlanderr1@godaddy.com,Ningbo University of Technology,2.79,0.87,0.68,4
975,Kamillah,Gingedale,kgingedaler2@issuu.com,Spartan University of Health Sciences,2.55,0.71,0.79,3
976,Rick,Liebermann,rliebermannr3@ft.com,Universidad de Oviedo,3.58,0.54,0.47,0
977,Clarabelle,Atkyns,catkynsr4@chron.com,University of the Philippines Baguio,2.49,0.97,0.64,3
978,Abraham,Eykel,aeykelr5@huffingtonpost.com,"California State University, Northridge",3.31,1.22,0.48,1
979,Sigismundo,Summerlie,ssummerlier6@ebay.com,Universidad Nacional Federico Villarreal,3.35,0.6,0.8,1
980,Steffen,Mathely,smathelyr7@pen.io,Universidad de Ciencias Aplicadas y Ambientales (UDCA),2.21,0.93,0.57,2
981,Frederique,Swaffield,fswaffieldr8@earthlink.net,University of Kalyani,3.3,0.59,0.31,0
982,Toby,Fawkes,tfawkesr9@istockphoto.com,Moshi University College of Cooperative and Business Studies,2.62,0.82,0.69,0
983,Lionel,Tzarkov,ltzarkovra@google.pl,"Washington State University, Vancouver",2.23,0.75,0.58,0
984,Charlot,Gawke,cgawkerb@alexa.com,Universidad Panamericana de San Salvador,3.05,0.75,0.8,0
985,Merle,Vickars,mvickarsrc@ustream.tv,Southern Denmark Business School,2.37,0.88,0.53,2
986,Giselle,Matthai,gmatthaird@homestead.com,Catholic University of Korea,3.63,0.74,0.39,2
987,Hewett,Simnel,hsimnelre@51.la,University of Otago,2.51,0.74,0.7,3
988,Maximilien,Crowden,mcrowdenrf@netlog.com,University of Mary Hardin-Baylor,2.19,0.71,0.57,0
989,Marlane,Burd,mburdrg@about.com,Universitas Muhammadiyah Jember,3.42,0.63,0.68,0
990,Rona,Kemwall,rkemwallrh@phoca.cz,Andrew Jackson University,3.16,0.77,0.65,0
991,Arlin,Lomasna,alomasnari@angelfire.com,Petro Mohyla Black Sea State University,3.81,0.86,0.45,2
992,Harrison,Tousey,htouseyrj@huffingtonpost.com,North Kazakhstan State University,2.26,0.78,0.64,1
993,Antone,Duguid,aduguidrk@tinypic.com,Nanjing University of Science and Technology,2.95,0.6,0.78,1
994,Bethena,Manuele,bmanuelerl@amazon.com,Oregon College of Arts and Crafts,3.24,0.79,0.55,3
995,Lorena,Chatell,lchatellrm@elpais.com,Long Island University,3.3,0.51,0.88,3
996,Ron,Chance,rchancern@paypal.com,Universitas Krisnadwipayana,2.63,0.87,0.54,3
997,Dilan,Gogarty,dgogartyro@homestead.com,Shanghai University,3.01,0.75,0.44,1
998,Leonidas,Hadigate,lhadigaterp@mashable.com,Vinnica National Technical University,2.93,0.84,0.58,4
999,Malvina,Biers,mbiersrq@google.pl,Michael Okpara University of Agriculture,3.31,0.69,0.66,4
1000,Brantley,Kobsch,bkobschrr@google.com.br,Nizhny Novgorod State Academy of Medicine,2.17,0.69,0.45,4
